Date,Close XRP,Volume XRP,Market Cap XRP
2013-08-05,0.005613,,43879157
2013-08-06,0.00468,,36591008
2013-08-07,0.004417,,34534121
2013-08-08,0.004254,,33258632
2013-08-09,0.004291,,33547503
2013-08-10,0.004314,,33724969
2013-08-11,0.004415,,34518485
2013-08-12,0.004449,,34778195
2013-08-13,0.0042450000000000005,,33190304
2013-08-14,0.003788,,29617450
2013-08-15,0.003092,,24172681
2013-08-16,0.003134,,24497514
2013-08-17,0.005671,,44335331
2013-08-18,0.0056170000000000005,,43916527
2013-08-19,0.00526,,41125306
2013-08-20,0.006097999999999999,,47673883
2013-08-21,0.006131,,47928746
2013-08-22,0.005143,,40205218
2013-08-23,0.005139,,40172930
2013-08-24,0.005546,,43357939
2013-08-25,0.006104,,47719539
2013-08-26,0.006417,,50166773
2013-08-27,0.006451999999999999,,50441338
2013-08-28,0.006246,,48830305
2013-08-29,0.005763,,45051372
2013-08-30,0.0059299999999999995,,46362745
2013-08-31,0.005632,,44028635
2013-09-01,0.005787,,45239783
2013-09-02,0.005528,,43216200
2013-09-03,0.0056700000000000006,,44326106
2013-09-04,0.005695,,44522804
2013-09-05,0.005715,,44677286
2013-09-06,0.005866,,45856302
2013-09-07,0.006173,,48259599
2013-09-08,0.006183,,48338325
2013-09-09,0.00627,,49018247
2013-09-10,0.005808,,45404897
2013-09-11,0.006273,,49043421
2013-09-12,0.0063490000000000005,,49632890
2013-09-13,0.006513,,50918776
2013-09-14,0.00634,,49564170
2013-09-15,0.0064719999999999995,,50595585
2013-09-16,0.007056000000000001,,55164281
2013-09-17,0.009613,,75152827
2013-09-18,0.010782,,84291706
2013-09-19,0.010957999999999999,,85666873
2013-09-20,0.010112999999999999,,79063101
2013-09-21,0.0097,,75835642
2013-09-22,0.010406,,81353743
2013-09-23,0.010008,,78239096
2013-09-24,0.010448,,81684440
2013-09-25,0.010433,,81563262
2013-09-26,0.011713,,91574070
2013-09-27,0.014565999999999999,,113875383
2013-09-28,0.013835,,108162069
2013-09-29,0.012868000000000001,,100599042
2013-09-30,0.010931999999999999,,85467517
2013-10-01,0.010529,,82312216
2013-10-02,0.007862000000000001,,61466360
2013-10-03,0.009112,,71234188
2013-10-04,0.009873,,77187120
2013-10-05,0.009488,,74176060
2013-10-06,0.009819,,76764407
2013-10-07,0.00924,,72233940
2013-10-08,0.009451000000000001,,73884453
2013-10-09,0.009663,,75545285
2013-10-10,0.009861,,77089631
2013-10-11,0.00897,,70127097
2013-10-12,0.009382,,73347833
2013-10-13,0.008412000000000001,,65761509
2013-10-14,0.008489,,66366536
2013-10-15,0.008051,,62941909
2013-10-16,0.007305,,57107730
2013-10-17,0.008343000000000001,,65224107
2013-10-18,0.007942,,62093355
2013-10-19,0.007252,,56694711
2013-10-20,0.0067,,52377125
2013-10-21,0.006634,,51865992
2013-10-22,0.006845,,53516426
2013-10-23,0.007873,,61551184
2013-10-24,0.008596,,67201721
2013-10-25,0.00686,,53632209
2013-10-26,0.006064,,47410889
2013-10-27,0.006842,,53493207
2013-10-28,0.005942,,46453823
2013-10-29,0.005998,,46892407
2013-10-30,0.005854,,45768350
2013-10-31,0.006072999999999999,,47476950
2013-11-01,0.006353,,49670963
2013-11-02,0.006814,,53274385
2013-11-03,0.00716,,55978045
2013-11-04,0.007011,,54811929
2013-11-05,0.00715,,55899163
2013-11-06,0.007776000000000001,,60789253
2013-11-07,0.008939,,69883022
2013-11-08,0.010722,,83819505
2013-11-09,0.008653000000000001,,67644526
2013-11-10,0.008609,,67307340
2013-11-11,0.008681,,67866007
2013-11-12,0.009557,,74713696
2013-11-13,0.010846,,84792051
2013-11-14,0.009646,,75413554
2013-11-15,0.009685,,75714152
2013-11-16,0.01014,,79270275
2013-11-17,0.010209000000000001,,79811273
2013-11-18,0.010918,,85352594
2013-11-19,0.007225,,56486365
2013-11-20,0.0074670000000000005,,58373838
2013-11-21,0.009935,,77672768
2013-11-22,0.009717,,75969562
2013-11-23,0.009798000000000001,,76595853
2013-11-24,0.011668000000000001,,91218356
2013-11-25,0.018208000000000002,,142348137
2013-11-26,0.029912,,233852628
2013-11-27,0.024096,,188378309
2013-11-28,0.028981,,226572609
2013-11-29,0.030986,,242247478
2013-11-30,0.038386,,300099081
2013-12-01,0.05149600000000001,,402593962
2013-12-02,0.055251999999999996,,431954829
2013-12-03,0.048672,,380509987
2013-12-04,0.058691999999999994,,458848369
2013-12-05,0.055153,,431179294
2013-12-06,0.042211,,330004855
2013-12-07,0.033066000000000005,,258510253
2013-12-08,0.036456,,285005081
2013-12-09,0.03893,,304352013
2013-12-10,0.043784,,342296141
2013-12-11,0.037937,,296590412
2013-12-12,0.03465,,270892227
2013-12-13,0.035144999999999996,,274760519
2013-12-14,0.031941000000000004,,249707309
2013-12-15,0.029137,,227789073
2013-12-16,0.021565,,168589666
2013-12-17,0.018313,,143170579
2013-12-18,0.015852,,123933098
2013-12-19,0.021072999999999998,,164747173
2013-12-20,0.020850999999999998,,163010820
2013-12-21,0.021684000000000002,,169521559
2013-12-22,0.021716,,169773295
2013-12-23,0.023702,,185301187
2013-12-24,0.022575,,176487298
2013-12-25,0.022042,,172318800
2013-12-26,0.024385,,190638461
2013-12-27,0.027076,148422.0,211674057
2013-12-28,0.027302999999999997,143404.0,213453409
2013-12-29,0.027218,56772.0,212784197
2013-12-30,0.027460000000000002,72634.0,214680817
2013-12-31,0.02733,63621.0,213663710
2014-01-01,0.026944,58533.0,210649132
2014-01-02,0.028725999999999998,128914.0,224573575
2014-01-03,0.027627,89780.0,215987968
2014-01-04,0.028129,60973.0,219911767
2014-01-05,0.025230000000000002,200438.0,197241451
2014-01-06,0.0257,184478.0,200922113
2014-01-07,0.022986000000000003,73761.0,179703578
2014-01-08,0.023227,82941.0,181589253
2014-01-09,0.022368,100357.0,174873686
2014-01-10,0.022837,64111.0,178540276
2014-01-11,0.024019,70390.0,187776331
2014-01-12,0.022044,42581.0,172333654
2014-01-13,0.021664,15328.0,169369892
2014-01-14,0.021186,41916.0,165628250
2014-01-15,0.022221,25189.0,173722111
2014-01-16,0.021024,58851.0,164360188
2014-01-17,0.02053,72572.0,160498932
2014-01-18,0.021279,21242.0,166352968
2014-01-19,0.020875,69842.0,163201577
2014-01-20,0.019856,67712.0,155234365
2014-01-21,0.019927,82453.0,155789435
2014-01-22,0.019389,60703.0,151577938
2014-01-23,0.018535,106755.0,144900678
2014-01-24,0.018126,136622.0,141707852
2014-01-25,0.019141,75029.0,149645356
2014-01-26,0.020128,77411.0,157362395
2014-01-27,0.018966999999999998,124685.0,148278789
2014-01-28,0.020605000000000002,100169.0,161089965
2014-01-29,0.020337,73134.0,158990079
2014-01-30,0.020337,90862.0,158989298
2014-01-31,0.020503999999999998,98529.0,160298012
2014-02-01,0.020697999999999998,123949.0,161815465
2014-02-02,0.02156,112301.0,168555267
2014-02-03,0.021402,74739.0,167314568
2014-02-04,0.020997,75453.0,164155359
2014-02-05,0.020357,54085.0,159150346
2014-02-06,0.019753,97667.0,154422868
2014-02-07,0.018377,153029.0,143672488
2014-02-08,0.017487,54013.0,136709875
2014-02-09,0.01739,64662.0,135951540
2014-02-10,0.016677,38466.0,130375039
2014-02-11,0.017681,63155.0,138231237
2014-02-12,0.017174000000000002,67226.0,134262876
2014-02-13,0.016079,64399.0,125701505
2014-02-14,0.016367,126825.0,127953057
2014-02-15,0.016083,82831.0,125731994
2014-02-16,0.015338,80122.0,119913139
2014-02-17,0.015294,110878.0,119562898
2014-02-18,0.015286000000000001,152124.0,119505045
2014-02-19,0.015237,106281.0,119121969
2014-02-20,0.014251,217393.0,111415875
2014-02-21,0.015069999999999998,124321.0,117817163
2014-02-22,0.015681999999999998,88006.0,122597021
2014-02-23,0.015412,103944.0,120487754
2014-02-24,0.013590000000000001,141564.0,106241995
2014-02-25,0.01299,293736.0,101551261
2014-02-26,0.014093000000000001,70979.0,110177521
2014-02-27,0.014153,101022.0,110647376
2014-02-28,0.013666999999999999,166863.0,106843191
2014-03-01,0.013799,111575.0,107881407
2014-03-02,0.013543000000000001,62982.0,105880027
2014-03-03,0.015596,127717.0,121931718
2014-03-04,0.016135,179747.0,126138525
2014-03-05,0.016008,122347.0,125151907
2014-03-06,0.015921,142277.0,124468623
2014-03-07,0.015009,169553.0,117338708
2014-03-08,0.014403999999999998,56617.0,112612012
2014-03-09,0.014745,47281.0,115276349
2014-03-10,0.014745,101610.0,115275567
2014-03-11,0.014279,33228.0,111631648
2014-03-12,0.014353,135171.0,112212518
2014-03-13,0.014333000000000002,57138.0,112055378
2014-03-14,0.014197999999999999,121852.0,110999181
2014-03-15,0.014344999999999998,37093.0,112145284
2014-03-16,0.014306000000000001,82339.0,111843513
2014-03-17,0.014112000000000001,121541.0,110322152
2014-03-18,0.01405,87514.0,109841352
2014-03-19,0.013963,132717.0,109158850
2014-03-20,0.013637999999999999,162797.0,106621163
2014-03-21,0.01325,192607.0,103587040
2014-03-22,0.012953999999999999,137122.0,101272163
2014-03-23,0.012651,137413.0,98902560
2014-03-24,0.012871,115538.0,100627187
2014-03-25,0.012830000000000001,90025.0,100307435
2014-03-26,0.012594,154104.0,98456159
2014-03-27,0.010226,272507.0,79948086
2014-03-28,0.010551000000000001,220765.0,82488901
2014-03-29,0.010338,121921.0,80824472
2014-03-30,0.009653,177965.0,75463510
2014-03-31,0.008785,244598.0,68678051
2014-04-01,0.008757,172709.0,68458134
2014-04-02,0.007922,306889.0,61931056
2014-04-03,0.007944,172873.0,62108287
2014-04-04,0.008094,132007.0,63275967
2014-04-05,0.008324,73596.0,65075567
2014-04-06,0.008246999999999999,95708.0,64471714
2014-04-07,0.008034999999999999,62187.0,62814321
2014-04-08,0.008013,65204.0,62642875
2014-04-09,0.007866,221844.0,61493410
2014-04-10,0.006318,332953.0,49396946
2014-04-11,0.006581999999999999,345888.0,51456022
2014-04-12,0.006257,182421.0,48919273
2014-04-13,0.005987,153005.0,46807035
2014-04-14,0.006518,466329.0,50955129
2014-04-15,0.007719,274616.0,60350200
2014-04-16,0.007023000000000001,1024970.0,54902382
2014-04-17,0.006339,261187.0,49554476
2014-04-18,0.00621,209538.0,48547688
2014-04-19,0.0064730000000000005,207541.0,50604732
2014-04-20,0.006214,162830.0,48577865
2014-04-21,0.006142,172813.0,48015525
2014-04-22,0.006059,205655.0,47371800
2014-04-23,0.00611,248284.0,47768870
2014-04-24,0.006069,201064.0,47450291
2014-04-25,0.005490999999999999,115698.0,42927017
2014-04-26,0.0053939999999999995,62246.0,42171574
2014-04-27,0.0048590000000000005,183777.0,37983608
2014-04-28,0.005139,179020.0,40174494
2014-04-29,0.005362,66925.0,41918040
2014-04-30,0.005364,222003.0,41935004
2014-05-01,0.005413,167861.0,42319410
2014-05-02,0.005315,292881.0,41551928
2014-05-03,0.005024,78782.0,39275593
2014-05-04,0.005024,50950.0,39279346
2014-05-05,0.005214,184156.0,40766308
2014-05-06,0.005973,518867.0,46693519
2014-05-07,0.006351,566819.0,49653607
2014-05-08,0.0060799999999999995,293424.0,47531988
2014-05-09,0.006063000000000001,234478.0,47399240
2014-05-10,0.005975,173762.0,46710641
2014-05-11,0.005754,120923.0,44981558
2014-05-12,0.005937,168471.0,46411606
2014-05-13,0.00634,331979.0,49564405
2014-05-14,0.007154000000000001,972270.0,55928245
2014-05-15,0.007098999999999999,367672.0,55495760
2014-05-16,0.0069099999999999995,313468.0,54020758
2014-05-17,0.006487000000000001,248157.0,50712697
2014-05-18,0.006004,346678.0,46938141
2014-05-19,0.006034,247907.0,47170411
2014-05-20,0.006711,395587.0,52468986
2014-05-21,0.006669,474992.0,52135787
2014-05-22,0.003993,2846750.0,31220117
2014-05-23,0.003315,1174650.0,25918572
2014-05-24,0.004111,1111310.0,32136452
2014-05-25,0.003646,638473.0,28500195
2014-05-26,0.0037990000000000003,464861.0,29698834
2014-05-27,0.0046429999999999996,1358170.0,36294788
2014-05-28,0.005005,1550580.0,39130024
2014-05-29,0.004790999999999999,485322.0,37458168
2014-05-30,0.004232,166638.0,33082573
2014-05-31,0.004146,201568.0,32409218
2014-06-01,0.004092,246244.0,31988929
2014-06-02,0.004339,274937.0,33921355
2014-06-03,0.004385,612441.0,34282776
2014-06-04,0.003952000000000001,438672.0,30898802
2014-06-05,0.003841,251994.0,30031407
2014-06-06,0.003915999999999999,62554.0,30614778
2014-06-07,0.003961,103888.0,30966505
2014-06-08,0.003974,115875.0,31071578
2014-06-09,0.004225,434971.0,33027926
2014-06-10,0.004547,386360.0,35549118
2014-06-11,0.0044210000000000005,257057.0,34562265
2014-06-12,0.0040479999999999995,264548.0,31643925
2014-06-13,0.004161,172430.0,32533054
2014-06-14,0.004017,144324.0,31407434
2014-06-15,0.004197,82035.0,32813872
2014-06-16,0.004173,177955.0,32625774
2014-06-17,0.004264,115743.0,33333059
2014-06-18,0.004247,153448.0,33202500
2014-06-19,0.004229999999999999,24118.0,33073348
2014-06-20,0.004188,157677.0,32742495
2014-06-21,0.00415,77189.0,32441272
2014-06-22,0.004187,204893.0,32729674
2014-06-23,0.004085,104712.0,31938660
2014-06-24,0.0040490000000000005,196770.0,31658232
2014-06-25,0.0039310000000000005,208741.0,30732594
2014-06-26,0.004051,19022.0,31671522
2014-06-27,0.003993,17794.0,31220196
2014-06-28,0.003922999999999999,8316.0,30666533
2014-06-29,0.004013,13533.0,31372410
2014-06-30,0.0037799999999999995,20028.0,29549122
2014-07-01,0.0036229999999999995,241870.0,28326169
2014-07-02,0.0034840000000000006,157412.0,27234948
2014-07-03,0.00336,140023.0,26268813
2014-07-04,0.003246,224680.0,25373352
2014-07-05,0.0031320000000000002,215980.0,24489227
2014-07-06,0.00281,148862.0,21969912
2014-07-07,0.003082,191510.0,24096300
2014-07-08,0.0033,222957.0,25796378
2014-07-09,0.003879,178918.0,30323167
2014-07-10,0.004074,281909.0,31847186
2014-07-11,0.004298,406560.0,33599331
2014-07-12,0.0043170000000000005,172674.0,33750998
2014-07-13,0.004306,64623.0,33667425
2014-07-14,0.004367,113927.0,34143066
2014-07-15,0.004514,176067.0,35286823
2014-07-16,0.004898,351852.0,38295459
2014-07-17,0.006162,952310.0,48174300
2014-07-18,0.006364,613098.0,49754295
2014-07-19,0.005298,538408.0,41416360
2014-07-20,0.005383,175004.0,42080255
2014-07-21,0.005362,136967.0,41918581
2014-07-22,0.005643,280454.0,44119317
2014-07-23,0.006144,327880.0,50707776
2014-07-24,0.005929,263739.0,48928020
2014-07-25,0.006043,153002.0,49871622
2014-07-26,0.0060409999999999995,146117.0,49850661
2014-07-27,0.006021,99553.0,49685444
2014-07-28,0.006157,159893.0,50815059
2014-07-29,0.006065999999999999,123408.0,50058295
2014-07-30,0.005097,474010.0,42067467
2014-07-31,0.005189,572621.0,42821590
2014-08-01,0.005369,393153.0,44307718
2014-08-02,0.005294,220518.0,43690588
2014-08-03,0.005215,70579.0,43035992
2014-08-04,0.004947999999999999,341765.0,40833456
2014-08-05,0.005104,256947.0,42124492
2014-08-06,0.005256,203335.0,43376329
2014-08-07,0.005343,221958.0,44093893
2014-08-08,0.005462,192304.0,45072156
2014-08-09,0.005242,325886.0,43259473
2014-08-10,0.004975,250863.0,41057101
2014-08-11,0.005214,272387.0,43030710
2014-08-12,0.005044,289977.0,41621992
2014-08-13,0.0049700000000000005,291148.0,41016251
2014-08-14,0.005227000000000001,665506.0,43134446
2014-08-15,0.00541,300831.0,44643764
2014-08-16,0.005418,94314.0,44712756
2014-08-17,0.005177,118160.0,42720248
2014-08-18,0.004979,495720.0,41088791
2014-08-19,0.005051,176197.0,41681988
2014-08-20,0.005265,190557.0,43447137
2014-08-21,0.005117,152905.0,42225834
2014-08-22,0.005095000000000001,169540.0,42047413
2014-08-23,0.005016,104190.0,41397603
2014-08-24,0.005154,83678.0,42530520
2014-08-25,0.004974,291023.0,41052232
2014-08-26,0.004837,455688.0,140212606
2014-08-27,0.0050149999999999995,167374.0,145375882
2014-08-28,0.005062,365820.0,146747943
2014-08-29,0.005017,169548.0,145438209
2014-08-30,0.004961,136957.0,143806404
2014-08-31,0.004887,113365.0,141655981
2014-09-01,0.005025,267095.0,145684328
2014-09-02,0.004640999999999999,230315.0,134543468
2014-09-03,0.004776,193017.0,138438464
2014-09-04,0.004804999999999999,124814.0,139289299
2014-09-05,0.004874,119145.0,141302892
2014-09-06,0.004795000000000001,65745.0,138998537
2014-09-07,0.004704,87858.0,136357906
2014-09-08,0.004711,108080.0,136557352
2014-09-09,0.004719,181677.0,136812167
2014-09-10,0.00475,161440.0,137691121
2014-09-11,0.004749000000000001,105518.0,137670249
2014-09-12,0.004713,195038.0,136614750
2014-09-13,0.004706,131835.0,136418203
2014-09-14,0.005136,983382.0,148899526
2014-09-15,0.00505,319290.0,146389346
2014-09-16,0.005124,590507.0,148538899
2014-09-17,0.005399,1281960.0,156499058
2014-09-18,0.005135,491147.0,148872856
2014-09-19,0.004942,407109.0,143272132
2014-09-20,0.004772,322621.0,138326566
2014-09-21,0.00457,309571.0,132477694
2014-09-22,0.004657,267342.0,135011065
2014-09-23,0.004613,323106.0,133732639
2014-09-24,0.004668,349329.0,135310524
2014-09-25,0.004722,745348.0,136895366
2014-09-26,0.0046159999999999994,497323.0,133802213
2014-09-27,0.004705,221573.0,136395592
2014-09-28,0.005282,464102.0,153120071
2014-09-29,0.004705,122073.0,136381097
2014-09-30,0.004644,109352.0,134625218
2014-10-01,0.004752,64998.0,137768233
2014-10-02,0.004874,209158.0,141296225
2014-10-03,0.005023,264083.0,145607796
2014-10-04,0.004941,168516.0,143250100
2014-10-05,0.004789,181316.0,138819673
2014-10-06,0.00473,218684.0,137117424
2014-10-07,0.004765,136439.0,138144223
2014-10-08,0.004787,398026.0,138760245
2014-10-09,0.004824,214591.0,139838355
2014-10-10,0.004871,140436.0,141219693
2014-10-11,0.004753,263175.0,137787366
2014-10-12,0.0048579999999999995,272667.0,140819351
2014-10-13,0.004784,463679.0,138690091
2014-10-14,0.004872,231490.0,141222012
2014-10-15,0.0048270000000000006,235627.0,139933440
2014-10-16,0.004855,119623.0,140732963
2014-10-17,0.0049039999999999995,245692.0,142165033
2014-10-18,0.004965,69145.0,143933377
2014-10-19,0.004949,55748.0,143471868
2014-10-20,0.005072999999999999,295888.0,147076971
2014-10-21,0.005193,146796.0,150530751
2014-10-22,0.005187,107561.0,150376528
2014-10-23,0.005142,378216.0,149056937
2014-10-24,0.005082,282070.0,147316133
2014-10-25,0.004719,272566.0,136807529
2014-10-26,0.004548,440679.0,131839641
2014-10-27,0.0048909999999999995,299518.0,141798029
2014-10-28,0.004845,272894.0,140442781
2014-10-29,0.004776,346606.0,138452959
2014-10-30,0.00489,220063.0,141756574
2014-10-31,0.004867,151046.0,141081704
2014-11-01,0.004671,190204.0,135404739
2014-11-02,0.004664,119913.0,135218048
2014-11-03,0.00481,212517.0,139444101
2014-11-04,0.004804999999999999,276134.0,139288429
2014-11-05,0.004861,309820.0,140918205
2014-11-06,0.004877,416386.0,141393629
2014-11-07,0.004877,434075.0,141383772
2014-11-08,0.004907,143181.0,142249971
2014-11-09,0.004926,240824.0,142804246
2014-11-10,0.004901,545390.0,142089950
2014-11-11,0.004899000000000001,781614.0,142006751
2014-11-12,0.005097,447173.0,147769815
2014-11-13,0.005035,486595.0,145963204
2014-11-14,0.005197,300910.0,150647288
2014-11-15,0.005052,116803.0,146467327
2014-11-16,0.005181,78345.0,150197085
2014-11-17,0.00534,431359.0,154793910
2014-11-18,0.005432,454544.0,157455414
2014-11-19,0.005696,434916.0,165109446
2014-11-20,0.006058,932564.0,175615441
2014-11-21,0.006589,720035.0,191018590
2014-11-22,0.007663,1123560.0,222149279
2014-11-23,0.008598999999999999,1288050.0,265561480
2014-11-24,0.008562,836154.0,264402502
2014-11-25,0.00974,2617990.0,300795568
2014-11-26,0.011004,2382860.0,339806138
2014-11-27,0.014205,5355350.0,438663549
2014-11-28,0.015165000000000001,2815520.0,468309655
2014-11-29,0.013982,1878500.0,431780094
2014-11-30,0.011211,2857340.0,346223285
2014-12-01,0.012559,3453750.0,387823565
2014-12-02,0.013158000000000001,2206040.0,406333853
2014-12-03,0.013130000000000001,1063000.0,405478439
2014-12-04,0.013343,2363160.0,412053081
2014-12-05,0.013784999999999999,1281290.0,425696466
2014-12-06,0.014406,1402450.0,444879967
2014-12-07,0.014794,935386.0,456865023
2014-12-08,0.013421,2568380.0,414446386
2014-12-09,0.015068000000000002,1621600.0,465326516
2014-12-10,0.015907,1116220.0,491245241
2014-12-11,0.016374,1620910.0,505654484
2014-12-12,0.016374,1620910.0,505654484
2014-12-13,0.016992,1210950.0,524745341
2014-12-14,0.017127,431814.0,528898884
2014-12-15,0.018241999999999998,2633740.0,563322337
2014-12-16,0.021539,6249780.0,665141270
2014-12-17,0.026064999999999998,5981140.0,804913396
2014-12-18,0.027939999999999996,4016710.0,862822123
2014-12-19,0.023338,6254590.0,720712279
2014-12-20,0.024207,3224770.0,747548181
2014-12-21,0.024921000000000002,1523180.0,771989123
2014-12-22,0.025562,2150370.0,791861558
2014-12-23,0.023878,2778770.0,739685186
2014-12-24,0.023382,1428390.0,724341746
2014-12-25,0.024138,1234800.0,747758073
2014-12-26,0.025308,2011780.0,783993127
2014-12-27,0.024074,837992.0,745759987
2014-12-28,0.023763999999999997,1005650.0,736156783
2014-12-29,0.024231,1145800.0,750639034
2014-12-30,0.0242,795505.0,749681811
2014-12-31,0.024437999999999998,640940.0,757042202
2015-01-01,0.024390000000000002,399022.0,755558352
2015-01-02,0.024318,459956.0,753340322
2015-01-03,0.022106,2171040.0,684798233
2015-01-04,0.018928,3801010.0,586349910
2015-01-05,0.020316,3051930.0,629350576
2015-01-06,0.020732,1752160.0,642240553
2015-01-07,0.020843,787462.0,645685315
2015-01-08,0.020676,823446.0,640502683
2015-01-09,0.020576,1092300.0,637404875
2015-01-10,0.019233,1550330.0,595810614
2015-01-11,0.018765,558120.0,581306679
2015-01-12,0.018434,560642.0,571062229
2015-01-13,0.015648,3113440.0,484744921
2015-01-14,0.014233,1886420.0,440895455
2015-01-15,0.016444,2285810.0,509409664
2015-01-16,0.016403,1651550.0,508133368
2015-01-17,0.015361000000000001,737736.0,475866604
2015-01-18,0.015622,1170730.0,483945686
2015-01-19,0.015991,1093540.0,495361107
2015-01-20,0.016112,1029700.0,499118748
2015-01-21,0.016653,1141990.0,515877886
2015-01-22,0.01701,1105630.0,526933961
2015-01-23,0.016734,1080800.0,518377817
2015-01-24,0.016736,945649.0,518442871
2015-01-25,0.016578,892182.0,513563824
2015-01-26,0.016019,3079280.0,496231591
2015-01-27,0.015841,1316000.0,490708200
2015-01-28,0.014969999999999999,1380280.0,463747981
2015-01-29,0.014706,1097200.0,455557378
2015-01-30,0.014443000000000001,807399.0,447416340
2015-01-31,0.014297999999999998,557619.0,442924519
2015-02-01,0.014138999999999999,852106.0,437986614
2015-02-02,0.013669999999999998,1482760.0,423473386
2015-02-03,0.013025,1264170.0,403495625
2015-02-04,0.013498,625444.0,418148255
2015-02-05,0.014466,1221720.0,448138129
2015-02-06,0.015184999999999999,1790130.0,484540928
2015-02-07,0.014577000000000001,518284.0,465134147
2015-02-08,0.014426,446888.0,460328719
2015-02-09,0.013994,625357.0,446541034
2015-02-10,0.013649000000000001,850302.0,435513439
2015-02-11,0.013775999999999998,457627.0,439584970
2015-02-12,0.014039,542301.0,447980110
2015-02-13,0.014565999999999999,1005470.0,464764008
2015-02-14,0.014956,816442.0,477214725
2015-02-15,0.013712,1134340.0,437542823
2015-02-16,0.01375,391037.0,438739393
2015-02-17,0.014031,428236.0,447699315
2015-02-18,0.013791,384700.0,440041262
2015-02-19,0.013758000000000001,308654.0,438994662
2015-02-20,0.013481,1036780.0,430152802
2015-02-21,0.013286000000000001,314420.0,423930635
2015-02-22,0.013130000000000001,587911.0,418946519
2015-02-23,0.013334,439387.0,425478199
2015-02-24,0.013396000000000002,627475.0,427459720
2015-02-25,0.013401,502828.0,427612882
2015-02-26,0.013299,836544.0,424348637
2015-02-27,0.013359999999999999,910485.0,426291867
2015-02-28,0.012998,520080.0,414744163
2015-03-01,0.012239,1496970.0,390515999
2015-03-02,0.012192,1284250.0,389032252
2015-03-03,0.010593,3050010.0,338000905
2015-03-04,0.010032,2851890.0,320106590
2015-03-05,0.011544,3088530.0,368336365
2015-03-06,0.010856000000000001,978284.0,346389663
2015-03-07,0.010535,1230270.0,336156591
2015-03-08,0.009961,735996.0,317839487
2015-03-09,0.010643000000000001,2361390.0,339605905
2015-03-10,0.010086,1642070.0,321842415
2015-03-11,0.010229,755784.0,326405338
2015-03-12,0.010359,687546.0,330540686
2015-03-13,0.010511,701607.0,335397167
2015-03-14,0.011087999999999999,798070.0,353805211
2015-03-15,0.010817,407154.0,345161184
2015-03-16,0.010968,859896.0,349976185
2015-03-17,0.010929000000000001,805396.0,348728560
2015-03-18,0.010575,1632590.0,337442506
2015-03-19,0.01048,2771610.0,334414384
2015-03-20,0.010445999999999999,447184.0,333319921
2015-03-21,0.010182,394129.0,324883300
2015-03-22,0.010196,306080.0,325339592
2015-03-23,0.010309,670229.0,328929304
2015-03-24,0.009757,608763.0,311317698
2015-03-25,0.009115,1160540.0,290849000
2015-03-26,0.008764,609264.0,279659629
2015-03-27,0.008895,439537.0,283817951
2015-03-28,0.008851000000000001,186292.0,282430248
2015-03-29,0.008498,417819.0,271170678
2015-03-30,0.008453,977525.0,269727454
2015-03-31,0.007772,1359970.0,247978904
2015-04-01,0.007668,708058.0,244673178
2015-04-02,0.007906,373395.0,252255288
2015-04-03,0.00872,1010690.0,278250547
2015-04-04,0.008844,302715.0,282192210
2015-04-05,0.008739,225068.0,278840855
2015-04-06,0.008786,537916.0,280344705
2015-04-07,0.009071,1145350.0,289435132
2015-04-08,0.009198,940998.0,293495815
2015-04-09,0.00878,701874.0,280160912
2015-04-10,0.008512,494280.0,271610377
2015-04-11,0.0083,255991.0,264836511
2015-04-12,0.00861,199412.0,274724971
2015-04-13,0.008194,372548.0,261472392
2015-04-14,0.008159,636679.0,260338682
2015-04-15,0.007949,409098.0,253635333
2015-04-16,0.00801,246608.0,255580478
2015-04-17,0.008025,312038.0,256080166
2015-04-18,0.0079,184595.0,252075643
2015-04-19,0.007845999999999999,197022.0,250365983
2015-04-20,0.007932,710840.0,253086506
2015-04-21,0.007968000000000001,678946.0,254233618
2015-04-22,0.008025,704364.0,256067722
2015-04-23,0.008019,397132.0,255864145
2015-04-24,0.008076999999999999,446330.0,257723138
2015-04-25,0.008291,211934.0,264543590
2015-04-26,0.00774,493776.0,246977614
2015-04-27,0.007765,779357.0,247782028
2015-04-28,0.00763,569295.0,243458100
2015-04-29,0.007863,549981.0,250898217
2015-04-30,0.008029000000000001,595106.0,256197590
2015-05-01,0.008018,663959.0,255858083
2015-05-02,0.008037,107649.0,256452858
2015-05-03,0.008055,438453.0,257037742
2015-05-04,0.008017,262147.0,255809901
2015-05-05,0.007909999999999999,553536.0,252381327
2015-05-06,0.007781999999999999,475466.0,248324474
2015-05-07,0.007529000000000001,2231440.0,240228955
2015-05-08,0.007490999999999999,369669.0,239037490
2015-05-09,0.007573999999999999,179858.0,241669626
2015-05-10,0.007382,575429.0,235563606
2015-05-11,0.007359999999999999,456632.0,234855236
2015-05-12,0.007213,973166.0,230164360
2015-05-13,0.006856999999999999,897919.0,218794705
2015-05-14,0.006601999999999999,622577.0,210672064
2015-05-15,0.0066549999999999995,243151.0,212358112
2015-05-16,0.006587999999999999,63602.0,210205561
2015-05-17,0.0063289999999999996,350731.0,201953371
2015-05-18,0.005748,1185930.0,183411950
2015-05-19,0.006539,952584.0,208663101
2015-05-20,0.0066359999999999995,465374.0,211735576
2015-05-21,0.006573000000000001,182022.0,209721827
2015-05-22,0.0066489999999999995,314421.0,212173999
2015-05-23,0.0068,298160.0,216976555
2015-05-24,0.006809,149015.0,217270752
2015-05-25,0.006925,315919.0,220963210
2015-05-26,0.006794,503514.0,216773298
2015-05-27,0.0069370000000000005,536465.0,221341645
2015-05-28,0.007857,1242990.0,250709638
2015-05-29,0.009056,1949750.0,288977883
2015-05-30,0.008409,487228.0,268322839
2015-05-31,0.00829,248303.0,264525084
2015-06-01,0.007579000000000001,777565.0,241819596
2015-06-02,0.007981,506304.0,254649068
2015-06-03,0.008012,388480.0,255650996
2015-06-04,0.007879,241573.0,251418965
2015-06-05,0.007956,198828.0,253880072
2015-06-06,0.007905,108750.0,252241248
2015-06-07,0.007873999999999999,100994.0,251248892
2015-06-08,0.008,227074.0,255252458
2015-06-09,0.007995,211828.0,255105360
2015-06-10,0.007999,260571.0,255222145
2015-06-11,0.008042,196404.0,256615273
2015-06-12,0.008057,138738.0,257093901
2015-06-13,0.008093000000000001,80646.0,258231122
2015-06-14,0.008147,315884.0,259949716
2015-06-15,0.008579,658174.0,273737721
2015-06-16,0.009424,1523530.0,300695341
2015-06-17,0.009678,1050540.0,308824683
2015-06-18,0.010251999999999999,1117100.0,327129662
2015-06-19,0.011207,1650080.0,357595947
2015-06-20,0.011039,660909.0,352248074
2015-06-21,0.010314,564947.0,329104801
2015-06-22,0.010567,623012.0,337174474
2015-06-23,0.010667,487296.0,340371711
2015-06-24,0.010914,662015.0,348256314
2015-06-25,0.011048,328795.0,352522487
2015-06-26,0.011288,344441.0,360170967
2015-06-27,0.011445,347201.0,365183800
2015-06-28,0.011467,255832.0,365898552
2015-06-29,0.011977,840533.0,382155959
2015-06-30,0.01132,1028230.0,361188850
2015-07-01,0.011198,558248.0,357324724
2015-07-02,0.011037,404117.0,352168302
2015-07-03,0.011099,251150.0,354159396
2015-07-04,0.010782,138329.0,344038003
2015-07-05,0.010022,801046.0,319771550
2015-07-06,0.009873,928027.0,315019728
2015-07-07,0.00958,612402.0,305688710
2015-07-08,0.009448999999999999,803026.0,301504861
2015-07-09,0.008987,935172.0,286762472
2015-07-10,0.008847,1344950.0,282298466
2015-07-11,0.008615000000000001,407434.0,274895682
2015-07-12,0.008614,423951.0,274849734
2015-07-13,0.008569,1023880.0,273422464
2015-07-14,0.008631,791771.0,275389626
2015-07-15,0.008516,572785.0,271723334
2015-07-16,0.008062,782856.0,257243552
2015-07-17,0.008026,299869.0,256083995
2015-07-18,0.00806,68213.0,257171120
2015-07-19,0.008091,85865.0,258180387
2015-07-20,0.007948,285165.0,253622570
2015-07-21,0.007711,525732.0,246055138
2015-07-22,0.007579000000000001,367888.0,241821830
2015-07-23,0.007487000000000001,182970.0,238890391
2015-07-24,0.0076560000000000005,277406.0,244301763
2015-07-25,0.007888,237028.0,251706780
2015-07-26,0.008115,233266.0,258947150
2015-07-27,0.008562,666090.0,273212187
2015-07-28,0.008449,143142.0,269583546
2015-07-29,0.008519,174525.0,271820336
2015-07-30,0.008491,324219.0,270924344
2015-07-31,0.008437,423581.0,269207983
2015-08-01,0.008222,196429.0,262351792
2015-08-02,0.00823,206009.0,262606741
2015-08-03,0.008281,231262.0,264229291
2015-08-04,0.008270999999999999,178712.0,263927436
2015-08-05,0.008223999999999999,219269.0,262431563
2015-08-06,0.008024,375521.0,256049215
2015-08-07,0.008152,363643.0,260132552
2015-08-08,0.008476000000000001,678295.0,270458798
2015-08-09,0.008808,531969.0,281048608
2015-08-10,0.00875,472973.0,279204613
2015-08-11,0.008591,282461.0,274114561
2015-08-12,0.008270999999999999,287463.0,263918821
2015-08-13,0.008147,202934.0,259964713
2015-08-14,0.008337,423163.0,266013937
2015-08-15,0.00842,176135.0,268681491
2015-08-16,0.008315000000000001,301654.0,265314820
2015-08-17,0.008301000000000001,337092.0,264886926
2015-08-18,0.007552,291729.0,240968276
2015-08-19,0.007758,474702.0,247561540
2015-08-20,0.007872,215415.0,251182204
2015-08-21,0.007881,265646.0,251465552
2015-08-22,0.007722,182227.0,246396240
2015-08-23,0.007552,157580.0,240977211
2015-08-24,0.007397,546516.0,240320439
2015-08-25,0.007126,593316.0,231516124
2015-08-26,0.007492,196124.0,243400325
2015-08-27,0.007551,202412.0,245332401
2015-08-28,0.0074329999999999995,414310.0,241477345
2015-08-29,0.007751000000000001,365144.0,251807633
2015-08-30,0.00805,408809.0,261545011
2015-08-31,0.007884,635572.0,256125971
2015-09-01,0.007815,401903.0,253894678
2015-09-02,0.0077,398976.0,250163403
2015-09-03,0.007431,322054.0,241410095
2015-09-04,0.0073549999999999996,472228.0,238951384
2015-09-05,0.007859999999999999,856833.0,255366396
2015-09-06,0.007891,284050.0,256355013
2015-09-07,0.007918000000000001,234100.0,257233820
2015-09-08,0.007831,193672.0,254430085
2015-09-09,0.007678,254159.0,249441189
2015-09-10,0.007663,234873.0,248947043
2015-09-11,0.008444,77796.0,274338883
2015-09-12,0.008197,24819.0,266310712
2015-09-13,0.008532,62875.0,277183878
2015-09-14,0.007404000000000001,274835.0,240544283
2015-09-15,0.00772,676501.0,250794650
2015-09-16,0.007426,316497.0,241246679
2015-09-17,0.007372,544100.0,239501085
2015-09-18,0.007529000000000001,501172.0,244604014
2015-09-19,0.007481999999999999,441298.0,243072843
2015-09-20,0.0076370000000000006,445039.0,248113070
2015-09-21,0.007247,245324.0,235432257
2015-09-22,0.007168000000000001,252173.0,232860812
2015-09-23,0.006668,985902.0,216639430
2015-09-24,0.00671,400287.0,217986393
2015-09-25,0.00665,403453.0,216056591
2015-09-26,0.006501000000000001,439274.0,211215842
2015-09-27,0.006536,269143.0,212348708
2015-09-28,0.006293,602856.0,204464785
2015-09-29,0.005579,964995.0,181263303
2015-09-30,0.005520000000000001,719793.0,179340648
2015-10-01,0.005448,557597.0,177004743
2015-10-02,0.005868,587722.0,190642010
2015-10-03,0.005517,395715.0,179225965
2015-10-04,0.005236,355762.0,170115935
2015-10-05,0.005007999999999999,623667.0,162687173
2015-10-06,0.005328,349154.0,173102905
2015-10-07,0.005375,373080.0,174626604
2015-10-08,0.005031,665310.0,163445448
2015-10-09,0.004983,851326.0,161881464
2015-10-10,0.005037,163088.0,163652074
2015-10-11,0.005182,134555.0,168360595
2015-10-12,0.00526,123326.0,174407642
2015-10-13,0.005377000000000001,355659.0,178264372
2015-10-14,0.005418,338407.0,179651296
2015-10-15,0.005399,440929.0,179016355
2015-10-16,0.005398,342598.0,178961979
2015-10-17,0.005203,394980.0,172518401
2015-10-18,0.004979,242340.0,165079805
2015-10-19,0.005043,300024.0,167213407
2015-10-20,0.004731,420949.0,156864358
2015-10-21,0.004697,243503.0,155743347
2015-10-22,0.004723,305170.0,156609719
2015-10-23,0.004677000000000001,296217.0,155065302
2015-10-24,0.0046619999999999995,189900.0,154574922
2015-10-25,0.004556,287103.0,151059369
2015-10-26,0.004675,427011.0,154999653
2015-10-27,0.004649,357602.0,154153838
2015-10-28,0.004675,350369.0,155011589
2015-10-29,0.004634,550253.0,153650858
2015-10-30,0.004839,997172.0,160443571
2015-10-31,0.004686999999999999,319312.0,155388907
2015-11-01,0.004901,490105.0,162511524
2015-11-02,0.005156,572974.0,170957406
2015-11-03,0.005383,1030430.0,178480219
2015-11-04,0.004947,1354340.0,164036379
2015-11-05,0.0045060000000000005,1181010.0,149392606
2015-11-06,0.004562,786513.0,151266264
2015-11-07,0.004693999999999999,367144.0,155645868
2015-11-08,0.004647,312859.0,154064648
2015-11-09,0.004609,305337.0,152823942
2015-11-10,0.004406,414631.0,146082290
2015-11-11,0.004264,446177.0,141370129
2015-11-12,0.004541,503812.0,150545779
2015-11-13,0.004477,329838.0,148453291
2015-11-14,0.004328,144356.0,143484501
2015-11-15,0.004164999999999999,273892.0,138079707
2015-11-16,0.004234,351725.0,140396994
2015-11-17,0.00425,243681.0,140926499
2015-11-18,0.004258,246794.0,141185781
2015-11-19,0.004222,173712.0,140000446
2015-11-20,0.004227000000000001,312768.0,140152965
2015-11-21,0.0042450000000000005,182628.0,140755081
2015-11-22,0.004267,174556.0,141487171
2015-11-23,0.004288,314451.0,142181462
2015-11-24,0.004242,197940.0,140641687
2015-11-25,0.004318,197356.0,143159570
2015-11-26,0.004291,400520.0,142280267
2015-11-27,0.004275999999999999,199790.0,141779277
2015-11-28,0.0042380000000000004,195480.0,142138378
2015-11-29,0.004299,197822.0,144183156
2015-11-30,0.004201,272695.0,140894139
2015-12-01,0.00409,312401.0,137170477
2015-12-02,0.004173,328403.0,139949725
2015-12-03,0.004262,139104.0,142943612
2015-12-04,0.0047539999999999995,930102.0,159451746
2015-12-05,0.005301,716241.0,177794378
2015-12-06,0.005344,1002000.0,179217036
2015-12-07,0.00556,866871.0,186466154
2015-12-08,0.006775,2423870.0,227221522
2015-12-09,0.008523000000000001,5702470.0,285840607
2015-12-10,0.008444,3223520.0,283195173
2015-12-11,0.008440999999999999,3465490.0,283078128
2015-12-12,0.008536,1317990.0,286272234
2015-12-13,0.008779,1394050.0,294425521
2015-12-14,0.007614,2433140.0,255361781
2015-12-15,0.006684000000000001,4908540.0,224173639
2015-12-16,0.006755,1249850.0,226552114
2015-12-17,0.006693999999999999,556682.0,224510020
2015-12-18,0.0063869999999999994,833330.0,214187866
2015-12-19,0.006291,452403.0,210998120
2015-12-20,0.006235,577803.0,209113987
2015-12-21,0.006268999999999999,512514.0,210237491
2015-12-22,0.006193,460222.0,207692335
2015-12-23,0.006021,364178.0,201945024
2015-12-24,0.005971,332166.0,200241322
2015-12-25,0.006487000000000001,815998.0,217541275
2015-12-26,0.006174,665210.0,207055124
2015-12-27,0.006343,465856.0,212734354
2015-12-28,0.00634,469583.0,212634412
2015-12-29,0.0062640000000000005,312612.0,210089591
2015-12-30,0.006182,280345.0,207320069
2015-12-31,0.00604,374355.0,202579217
2016-01-01,0.005954999999999999,211767.0,199716461
2016-01-02,0.006065,278539.0,203395183
2016-01-03,0.006017,291723.0,201799471
2016-01-04,0.005958,310820.0,199807683
2016-01-05,0.006044,381554.0,202711354
2016-01-06,0.0060030000000000005,316235.0,201334978
2016-01-07,0.006039,426048.0,202538636
2016-01-08,0.005933,288641.0,198988028
2016-01-09,0.005982,310336.0,200621636
2016-01-10,0.005956,195011.0,199751004
2016-01-11,0.005895,216286.0,197691806
2016-01-12,0.005854,310414.0,196340918
2016-01-13,0.005794,497284.0,194303853
2016-01-14,0.005529,849371.0,185440579
2016-01-15,0.005229,441054.0,175378341
2016-01-16,0.005111999999999999,304209.0,171445070
2016-01-17,0.005266,473175.0,176601451
2016-01-18,0.005326,514295.0,178621411
2016-01-19,0.0052710000000000005,226472.0,176766120
2016-01-20,0.005381,722260.0,180460604
2016-01-21,0.005313,344950.0,178169997
2016-01-22,0.0051140000000000005,355595.0,171522877
2016-01-23,0.00512,310286.0,171714711
2016-01-24,0.005219,341789.0,175044643
2016-01-25,0.005135,412095.0,174168241
2016-01-26,0.005419,904781.0,183813443
2016-01-27,0.0065060000000000005,2544770.0,220680606
2016-01-28,0.006226,2203940.0,211185670
2016-01-29,0.006840000000000001,2895430.0,231998413
2016-01-30,0.006634,1233320.0,225029173
2016-01-31,0.006399,977856.0,217061662
2016-02-01,0.006542,830380.0,221895966
2016-02-02,0.006768000000000001,809854.0,229580922
2016-02-03,0.006883,803366.0,233457659
2016-02-04,0.0069700000000000005,1174600.0,236439242
2016-02-05,0.007262,1186010.0,246331045
2016-02-06,0.007922,1859040.0,268722771
2016-02-07,0.008338,2460140.0,282831191
2016-02-08,0.007991,1048160.0,272413777
2016-02-09,0.007815,866765.0,266434243
2016-02-10,0.007853,668185.0,267731059
2016-02-11,0.007815,565522.0,266426061
2016-02-12,0.007979,816579.0,272024118
2016-02-13,0.008256999999999999,684444.0,281503759
2016-02-14,0.00859,1144830.0,292842373
2016-02-15,0.008631,734275.0,294225779
2016-02-16,0.008451,1012220.0,288097950
2016-02-17,0.008138,1556320.0,277428199
2016-02-18,0.007995,854073.0,272566504
2016-02-19,0.008245,710808.0,281070464
2016-02-20,0.008253,515312.0,281338077
2016-02-21,0.0081,472569.0,276146724
2016-02-22,0.00805,607198.0,274441841
2016-02-23,0.00797,807140.0,271693437
2016-02-24,0.008076,473097.0,275320703
2016-02-25,0.008027,825297.0,273659115
2016-02-26,0.008058,579986.0,274701613
2016-02-27,0.007972,417576.0,271780028
2016-02-28,0.007889,570935.0,268939238
2016-02-29,0.007923000000000001,689215.0,270086736
2016-03-01,0.008006000000000001,738772.0,272919685
2016-03-02,0.008029999999999999,409388.0,273755592
2016-03-03,0.008162,685240.0,278236492
2016-03-04,0.008095999999999999,567974.0,276000474
2016-03-05,0.007878,1148690.0,268564921
2016-03-06,0.007859999999999999,569577.0,267938672
2016-03-07,0.007918000000000001,587059.0,269917986
2016-03-08,0.007949,655974.0,271000711
2016-03-09,0.008056,396527.0,274645363
2016-03-10,0.008190000000000001,1348660.0,279219331
2016-03-11,0.008803,2831220.0,300094176
2016-03-12,0.0087,1536850.0,296599183
2016-03-13,0.008634999999999999,860868.0,294382597
2016-03-14,0.008479,846750.0,289054880
2016-03-15,0.008186,284572.0,279058082
2016-03-16,0.008178,219047.0,281664758
2016-03-17,0.008287000000000001,176475.0,285388741
2016-03-18,0.008119,229313.0,279626262
2016-03-19,0.008015999999999999,164010.0,276057258
2016-03-20,0.00796,115984.0,274132069
2016-03-21,0.008047,79784.0,277140392
2016-03-22,0.00811,604214.0,279308037
2016-03-23,0.008331999999999999,1022850.0,286936469
2016-03-24,0.00823,965196.0,283450809
2016-03-25,0.008191,753671.0,282099733
2016-03-26,0.008066,309664.0,277778218
2016-03-27,0.008029000000000001,418222.0,276504976
2016-03-28,0.007564,2114600.0,260490437
2016-03-29,0.007566,1116900.0,260561383
2016-03-30,0.007331999999999999,1210630.0,252508308
2016-03-31,0.007391,1036210.0,254561613
2016-04-01,0.007418000000000001,827273.0,255468415
2016-04-02,0.007501000000000001,390399.0,258343800
2016-04-03,0.007503,250112.0,258390982
2016-04-04,0.007490999999999999,300359.0,257993202
2016-04-05,0.007474,464037.0,257409790
2016-04-06,0.0072959999999999995,796790.0,251279493
2016-04-07,0.006875,1450030.0,236790984
2016-04-08,0.006670999999999999,859428.0,229740454
2016-04-09,0.006288,1032700.0,216544818
2016-04-10,0.005937,774554.0,204468477
2016-04-11,0.0060479999999999996,1871520.0,208301290
2016-04-12,0.0058850000000000005,1085670.0,202681392
2016-04-13,0.005695,1384420.0,196124041
2016-04-14,0.006289,192592.0,216578224
2016-04-15,0.006423999999999999,156069.0,221235184
2016-04-16,0.006509999999999999,70487.0,226997195
2016-04-17,0.006499,54782.0,226618870
2016-04-18,0.006987,1066190.0,243625023
2016-04-19,0.007118000000000001,426257.0,248207116
2016-04-20,0.007244,1301350.0,252591504
2016-04-21,0.0074329999999999995,1011580.0,259194585
2016-04-22,0.0072840000000000005,955674.0,253977882
2016-04-23,0.007345999999999999,345650.0,256160662
2016-04-24,0.0072510000000000005,472274.0,252846394
2016-04-25,0.0072829999999999995,605219.0,253951033
2016-04-26,0.007095000000000001,884879.0,247401301
2016-04-27,0.006725,797081.0,234481409
2016-04-28,0.006686,752872.0,233146636
2016-04-29,0.006759,538253.0,235687516
2016-04-30,0.006812,406123.0,237520563
2016-05-01,0.006790999999999999,241733.0,236803663
2016-05-02,0.006714,585826.0,234112149
2016-05-03,0.00656,329125.0,228738537
2016-05-04,0.006323,563556.0,220466989
2016-05-05,0.006193,509188.0,215932317
2016-05-06,0.006399,680334.0,223110035
2016-05-07,0.006490000000000001,351537.0,226283434
2016-05-08,0.006404000000000001,389914.0,223293444
2016-05-09,0.006399,351209.0,223117706
2016-05-10,0.006272,404295.0,218711351
2016-05-11,0.006189,476708.0,215784823
2016-05-12,0.006167,362896.0,215037238
2016-05-13,0.006109000000000001,478095.0,213027756
2016-05-14,0.006072999999999999,274107.0,211772135
2016-05-15,0.0060609999999999995,304621.0,211328954
2016-05-16,0.006022,389621.0,209976747
2016-05-17,0.006023,319996.0,210021030
2016-05-18,0.006028,701256.0,210201301
2016-05-19,0.006032,797005.0,210333802
2016-05-20,0.006084,549413.0,212133375
2016-05-21,0.00599,217884.0,208852929
2016-05-22,0.005936,273758.0,206990942
2016-05-23,0.005909,507430.0,206042165
2016-05-24,0.005961999999999999,471659.0,207881488
2016-05-25,0.005756,517124.0,200702724
2016-05-26,0.0056689999999999996,678744.0,197668452
2016-05-27,0.005679,1073760.0,198026902
2016-05-28,0.005682,889921.0,198112330
2016-05-29,0.0056619999999999995,829452.0,197443897
2016-05-30,0.005748,476095.0,200431446
2016-05-31,0.005706,847636.0,198966264
2016-06-01,0.005809,1018470.0,202565758
2016-06-02,0.005765999999999999,611429.0,201039207
2016-06-03,0.005827000000000001,437813.0,203165499
2016-06-04,0.0057799999999999995,617159.0,201547244
2016-06-05,0.005796,544201.0,202093287
2016-06-06,0.005769,690096.0,201165432
2016-06-07,0.0057799999999999995,783409.0,201527717
2016-06-08,0.00577,754945.0,201207623
2016-06-09,0.005788000000000001,520793.0,201804575
2016-06-10,0.005736,526917.0,200010581
2016-06-11,0.005765999999999999,398757.0,201050365
2016-06-12,0.005852,1133540.0,204052210
2016-06-13,0.005824,1537720.0,203072051
2016-06-14,0.007104999999999999,9904250.0,247748593
2016-06-15,0.006887000000000001,3269290.0,240130135
2016-06-16,0.0066760000000000005,3072370.0,234389861
2016-06-17,0.006693000000000001,2143830.0,234987756
2016-06-18,0.0066040000000000005,1190870.0,231856093
2016-06-19,0.006813,2413110.0,239176180
2016-06-20,0.006626000000000001,1710410.0,232628828
2016-06-21,0.0061719999999999995,3258040.0,216679466
2016-06-22,0.006495,5052140.0,228021211
2016-06-23,0.006381,3207640.0,224010085
2016-06-24,0.0064340000000000005,2408230.0,225877145
2016-06-25,0.006414,1175110.0,225170415
2016-06-26,0.0064,1236360.0,226212527
2016-06-27,0.006398,1136160.0,226160922
2016-06-28,0.006773,3149120.0,239386682
2016-06-29,0.006776999999999999,2063960.0,239546446
2016-06-30,0.006657,1046580.0,235302730
2016-07-01,0.0067870000000000005,993538.0,239883568
2016-07-02,0.006698999999999999,503769.0,236791502
2016-07-03,0.006606999999999999,536311.0,233547096
2016-07-04,0.007028,875970.0,248400533
2016-07-05,0.006698999999999999,598865.0,236777718
2016-07-06,0.006691,600195.0,236487527
2016-07-07,0.0065980000000000006,789693.0,233226861
2016-07-08,0.0067150000000000005,604076.0,237363754
2016-07-09,0.006679000000000001,577447.0,236078574
2016-07-10,0.006673999999999999,571047.0,235903258
2016-07-11,0.006534000000000001,722627.0,230947046
2016-07-12,0.00635,977958.0,224435258
2016-07-13,0.006411,942245.0,226589948
2016-07-14,0.006385,682894.0,226270440
2016-07-15,0.006442,753167.0,228293610
2016-07-16,0.006572,659904.0,232898103
2016-07-17,0.0065379999999999995,529265.0,231694974
2016-07-18,0.006481999999999999,442793.0,229706533
2016-07-19,0.006405,550843.0,226990900
2016-07-20,0.0063950000000000005,790117.0,226619152
2016-07-21,0.006416,811193.0,228101447
2016-07-22,0.0063030000000000004,780192.0,224070061
2016-07-23,0.0063170000000000006,356569.0,224560297
2016-07-24,0.006286,315687.0,223450777
2016-07-25,0.006246,881632.0,222056856
2016-07-26,0.005998,1547830.0,213216247
2016-07-27,0.0059689999999999995,1370090.0,212199157
2016-07-28,0.005974,1264650.0,212363013
2016-07-29,0.006111,779667.0,217239070
2016-07-30,0.006121,442025.0,217588528
2016-07-31,0.005945000000000001,648205.0,211342369
2016-08-01,0.005906000000000001,958956.0,209968356
2016-08-02,0.00569,1553690.0,202266419
2016-08-03,0.005646,1570660.0,200710745
2016-08-04,0.005816,1007960.0,206790426
2016-08-05,0.006447,697388.0,229249140
2016-08-06,0.006337,2164530.0,225316083
2016-08-07,0.006178,1303100.0,219668424
2016-08-08,0.006027,722628.0,214299540
2016-08-09,0.006163,1105300.0,219145368
2016-08-10,0.006194,865808.0,220257619
2016-08-11,0.006189,407711.0,220083687
2016-08-12,0.006123,646843.0,217713387
2016-08-13,0.006092,602600.0,216632778
2016-08-14,0.005994,499048.0,213138489
2016-08-15,0.006045,488337.0,214946616
2016-08-16,0.00614,1249860.0,218332809
2016-08-17,0.006109000000000001,1352830.0,217221264
2016-08-18,0.006122,1080170.0,217700346
2016-08-19,0.0061189999999999994,1356390.0,217618198
2016-08-20,0.006114,399635.0,217425096
2016-08-21,0.006052,411952.0,215211001
2016-08-22,0.006,686434.0,213377776
2016-08-23,0.006019,979256.0,214062702
2016-08-24,0.006052,1118660.0,215204244
2016-08-25,0.006079,716326.0,216190105
2016-08-26,0.00603,578722.0,214449665
2016-08-27,0.005975,233262.0,212477356
2016-08-28,0.005963,592108.0,212054160
2016-08-29,0.006131,1527760.0,218036878
2016-08-30,0.006026,928043.0,214307059
2016-08-31,0.006012,1169040.0,213816293
2016-09-01,0.005984000000000001,660021.0,211326273
2016-09-02,0.0059700000000000005,583636.0,210838195
2016-09-03,0.005964,698318.0,210639715
2016-09-04,0.005954,800373.0,210268888
2016-09-05,0.005932,784460.0,209501807
2016-09-06,0.005912,773525.0,208783816
2016-09-07,0.0058920000000000005,686254.0,208100083
2016-09-08,0.005902,869389.0,208429513
2016-09-09,0.005869,849260.0,207282049
2016-09-10,0.00587,310034.0,207309243
2016-09-11,0.005842,533904.0,206330243
2016-09-12,0.0058969999999999995,680932.0,208277648
2016-09-13,0.005886,836942.0,207878914
2016-09-14,0.005961,1048560.0,210537259
2016-09-15,0.008303,15967600.0,294409541
2016-09-16,0.0074459999999999995,12342800.0,264017927
2016-09-17,0.007018000000000001,1646260.0,248852614
2016-09-18,0.006853,2231350.0,242976897
2016-09-19,0.0068579999999999995,2930120.0,243179716
2016-09-20,0.006784999999999999,1365440.0,240590585
2016-09-21,0.006829000000000001,1719470.0,242135483
2016-09-22,0.006843000000000001,1491330.0,242632614
2016-09-23,0.0072109999999999995,3104540.0,255679254
2016-09-24,0.0073620000000000005,2170050.0,261050169
2016-09-25,0.007855,4699860.0,278512115
2016-09-26,0.007963,9102940.0,282365048
2016-09-27,0.008229,6131430.0,291797037
2016-09-28,0.009048,7558520.0,320824517
2016-09-29,0.008914,5974090.0,316225905
2016-09-30,0.00883,7561150.0,313257340
2016-10-01,0.008205,5895530.0,291065121
2016-10-02,0.008165,2072840.0,289655692
2016-10-03,0.008089,2776300.0,286966317
2016-10-04,0.007853,2642950.0,278579626
2016-10-05,0.007435,4840340.0,263742834
2016-10-06,0.007382,2826190.0,261893013
2016-10-07,0.007377,3042600.0,261687609
2016-10-08,0.00731,2019560.0,259344432
2016-10-09,0.007543000000000001,3390900.0,267594684
2016-10-10,0.007978,6150610.0,283038010
2016-10-11,0.008234,4003630.0,292120171
2016-10-12,0.007949,2943130.0,281990055
2016-10-13,0.007982,1009720.0,283150594
2016-10-14,0.008767,1915430.0,311016814
2016-10-15,0.008145999999999999,781979.0,288973588
2016-10-16,0.008078,608355.0,286570104
2016-10-17,0.008029999999999999,2485290.0,284885360
2016-10-18,0.00835,3782990.0,296223772
2016-10-19,0.008627,3360180.0,306053399
2016-10-20,0.009092,5895540.0,322653788
2016-10-21,0.009029,4055710.0,320429035
2016-10-22,0.008971999999999999,1649580.0,318415081
2016-10-23,0.009454,974189.0,335501923
2016-10-24,0.009065,1717690.0,321697382
2016-10-25,0.008891,2780690.0,315518182
2016-10-26,0.008834999999999999,2969280.0,313525877
2016-10-27,0.008481,4302920.0,301323830
2016-10-28,0.008143000000000001,3881320.0,289334577
2016-10-29,0.007731999999999999,3471390.0,274737698
2016-10-30,0.008014,2071780.0,284757107
2016-10-31,0.008196,2515480.0,291210973
2016-11-01,0.008102,1875440.0,287884553
2016-11-02,0.008222,1739300.0,292147928
2016-11-03,0.008020999999999999,3114110.0,285948762
2016-11-04,0.008157,2707110.0,290786409
2016-11-05,0.00823,967011.0,293413782
2016-11-06,0.008193,784787.0,292091183
2016-11-07,0.008108,2308500.0,289062752
2016-11-08,0.008206,2477080.0,292550350
2016-11-09,0.008079000000000001,3575540.0,288005742
2016-11-10,0.008136,2600650.0,290984040
2016-11-11,0.008065000000000001,2039200.0,288449723
2016-11-12,0.008043999999999999,1708000.0,287694006
2016-11-13,0.008256999999999999,2201990.0,295328431
2016-11-14,0.008098000000000001,1283330.0,289608871
2016-11-15,0.007881,3078090.0,281847837
2016-11-16,0.007842,2905840.0,280456216
2016-11-17,0.0077269999999999995,2401030.0,277116674
2016-11-18,0.007778,2487390.0,278954043
2016-11-19,0.0077989999999999995,1296770.0,279719046
2016-11-20,0.007651000000000001,1875290.0,274408501
2016-11-21,0.007566,2594010.0,271366065
2016-11-22,0.0074340000000000005,2400100.0,266617526
2016-11-23,0.007061,3730650.0,253252040
2016-11-24,0.00695,1845880.0,249325628
2016-11-25,0.006901999999999999,995869.0,247621847
2016-11-26,0.007390000000000001,560816.0,265121385
2016-11-27,0.0070739999999999996,525140.0,253777557
2016-11-28,0.0070079999999999995,1818750.0,251422257
2016-11-29,0.00678,1551670.0,243251358
2016-11-30,0.006723000000000001,1495310.0,241184506
2016-12-01,0.006702,1142000.0,241195305
2016-12-02,0.006659999999999999,1756030.0,239694615
2016-12-03,0.006587999999999999,1213480.0,237099899
2016-12-04,0.006527,1167110.0,234887732
2016-12-05,0.0064340000000000005,867666.0,231528275
2016-12-06,0.0066549999999999995,1396500.0,239510358
2016-12-07,0.006851,2805260.0,246553161
2016-12-08,0.007097,2789540.0,255463823
2016-12-09,0.007135,2421860.0,256809661
2016-12-10,0.006816,1297860.0,245331700
2016-12-11,0.006744,978511.0,242740088
2016-12-12,0.006778,1449640.0,243965345
2016-12-13,0.0067079999999999996,1946660.0,241460120
2016-12-14,0.006705,2002770.0,241329460
2016-12-15,0.006662,1050570.0,238465987
2016-12-16,0.00671,2575390.0,240187706
2016-12-17,0.006541,1838990.0,234116946
2016-12-18,0.006573999999999999,1194400.0,235319644
2016-12-19,0.0065450000000000005,1109670.0,234261556
2016-12-20,0.0065,2284690.0,232649010
2016-12-21,0.006445,2300840.0,230703575
2016-12-22,0.006363000000000001,2897110.0,229098085
2016-12-23,0.006286,3514540.0,226316807
2016-12-24,0.0063490000000000005,2495670.0,228603756
2016-12-25,0.006444,2188780.0,232006456
2016-12-26,0.006326,1640840.0,227749030
2016-12-27,0.0061990000000000005,2471000.0,223193135
2016-12-28,0.006173,2064130.0,222244080
2016-12-29,0.006340999999999999,1345050.0,230400639
2016-12-30,0.006426,1379470.0,233518379
2016-12-31,0.006449,272884.0,234334879
2017-01-01,0.006368,418978.0,231408636
2017-01-02,0.006311,1046250.0,229312700
2017-01-03,0.006386,1014830.0,232046355
2017-01-04,0.00657,1642730.0,238734599
2017-01-05,0.006201,4058170.0,225333042
2017-01-06,0.006314999999999999,1746150.0,229462513
2017-01-07,0.006365999999999999,1351030.0,231335019
2017-01-08,0.006233,554133.0,226499134
2017-01-09,0.006167,702255.0,224080102
2017-01-10,0.006698000000000001,2510530.0,243404745
2017-01-11,0.006411,3436270.0,232965876
2017-01-12,0.006423000000000001,5013190.0,236179631
2017-01-13,0.006595999999999999,2059340.0,242560559
2017-01-14,0.006862999999999999,1307810.0,252379605
2017-01-15,0.006726,780822.0,247328329
2017-01-16,0.006788,699284.0,249604106
2017-01-17,0.0068,1842150.0,250063012
2017-01-18,0.0067090000000000006,1342730.0,246714248
2017-01-19,0.007034,760684.0,259231566
2017-01-20,0.006675,620052.0,246023864
2017-01-21,0.006706,553724.0,247138388
2017-01-22,0.006712999999999999,362422.0,247414439
2017-01-23,0.006697,309838.0,246835064
2017-01-24,0.006540000000000001,509262.0,241037252
2017-01-25,0.006513,522497.0,240038824
2017-01-26,0.006690000000000001,1446950.0,246557247
2017-01-27,0.0064150000000000006,924745.0,236445291
2017-01-28,0.006342,241491.0,233731913
2017-01-29,0.006402,325176.0,235949571
2017-01-30,0.006381,391822.0,235163421
2017-01-31,0.006314,661444.0,232723519
2017-02-01,0.006540000000000001,1836820.0,241024345
2017-02-02,0.006469,670888.0,238429576
2017-02-03,0.006474,548263.0,238606119
2017-02-04,0.006492,314187.0,239277644
2017-02-05,0.006442,367001.0,237439242
2017-02-06,0.00645,386766.0,237707557
2017-02-07,0.0064069999999999995,945440.0,236127887
2017-02-08,0.006437999999999999,860217.0,237281127
2017-02-09,0.006374,1700680.0,236118153
2017-02-10,0.006289,808768.0,232977147
2017-02-11,0.006333,334607.0,234593030
2017-02-12,0.006268999999999999,230479.0,232223661
2017-02-13,0.006251,462843.0,231580939
2017-02-14,0.006278,671150.0,232582623
2017-02-15,0.006147,813299.0,227727196
2017-02-16,0.006027,1355840.0,223279049
2017-02-17,0.005935,1160600.0,219877982
2017-02-18,0.005569,1866850.0,206294830
2017-02-19,0.005878,896856.0,217744953
2017-02-20,0.005873,880117.0,217573065
2017-02-21,0.005832,653081.0,216037936
2017-02-22,0.00586,500712.0,217065184
2017-02-23,0.005895,750533.0,218956299
2017-02-24,0.0057009999999999995,1343690.0,211743658
2017-02-25,0.005665,684577.0,210432471
2017-02-26,0.005671,258373.0,210650136
2017-02-27,0.005609,641126.0,208327144
2017-02-28,0.005536,1693350.0,205616367
2017-03-01,0.005408,1630460.0,200868980
2017-03-02,0.005991,3811500.0,224099076
2017-03-03,0.006339,2703850.0,237138723
2017-03-04,0.006299,1372440.0,235639831
2017-03-05,0.006129,1044760.0,229273937
2017-03-06,0.006057,1023500.0,226571294
2017-03-07,0.006534000000000001,2901920.0,244428566
2017-03-08,0.006509,3432500.0,243479929
2017-03-09,0.006498,2064660.0,242319059
2017-03-10,0.006227,3144440.0,232222991
2017-03-11,0.0062380000000000005,1818590.0,232626476
2017-03-12,0.006255,1531030.0,233249975
2017-03-13,0.006385,2561890.0,238098132
2017-03-14,0.006381,1358830.0,237960156
2017-03-15,0.006314,1376090.0,235454225
2017-03-16,0.0063939999999999995,3860210.0,238733559
2017-03-17,0.006116,3442010.0,228362151
2017-03-18,0.00671,7223300.0,250547339
2017-03-19,0.006912000000000001,4241970.0,258098226
2017-03-20,0.006975,3423710.0,260445300
2017-03-21,0.006909,3021440.0,257975383
2017-03-22,0.007301,4652530.0,272603337
2017-03-23,0.010582,12315100.0,395649983
2017-03-24,0.010518000000000001,24493700.0,393260829
2017-03-25,0.009115999999999999,11334900.0,340825428
2017-03-26,0.009545,5475230.0,356889221
2017-03-27,0.009597,6336150.0,358830082
2017-03-28,0.009514,3111280.0,355714086
2017-03-29,0.010101,3344230.0,377677110
2017-03-30,0.013276,19821800.0,496357149
2017-03-31,0.020888999999999998,72699400.0,781029219
2017-04-01,0.021892,30657700.0,818500435
2017-04-02,0.061159000000000005,230622000.0,2294347627
2017-04-03,0.033023000000000004,155550000.0,1238821670
2017-04-04,0.037455,78538096.0,1405100818
2017-04-05,0.035544,42360300.0,1333433170
2017-04-06,0.032665,48264600.0,1225461865
2017-04-07,0.03632,36825000.0,1362572623
2017-04-08,0.035849,14782600.0,1344932467
2017-04-09,0.03402,15695600.0,1276311434
2017-04-10,0.033598,12012700.0,1260475812
2017-04-11,0.032951999999999995,11301000.0,1236217783
2017-04-12,0.034336,13437000.0,1288159076
2017-04-13,0.034383,15872400.0,1290474148
2017-04-14,0.033779,8869300.0,1267808374
2017-04-15,0.033955,4972610.0,1274421570
2017-04-16,0.033462,5980280.0,1255906871
2017-04-17,0.033655000000000004,7933260.0,1263146858
2017-04-18,0.033184,8970210.0,1245454117
2017-04-19,0.030173000000000002,13265600.0,1132470540
2017-04-20,0.029983999999999997,25650400.0,1135930239
2017-04-21,0.032779,28245700.0,1241848913
2017-04-22,0.03177,9020550.0,1203588927
2017-04-23,0.031278,4976320.0,1184979852
2017-04-24,0.031383999999999995,6333250.0,1188991865
2017-04-25,0.032346,13469200.0,1225440952
2017-04-26,0.032797,11921700.0,1242504322
2017-04-27,0.034816,16661600.0,1319000749
2017-04-28,0.044475,81121600.0,1684931017
2017-04-29,0.052868,114359000.0,2002906577
2017-04-30,0.05160700000000001,41974200.0,1955141293
2017-05-01,0.055115,61730100.0,2088015009
2017-05-02,0.053908000000000005,33814700.0,2042306875
2017-05-03,0.060489999999999995,42869000.0,2291657723
2017-05-04,0.078914,153374000.0,2995241761
2017-05-05,0.093551,184430000.0,3550763414
2017-05-06,0.10179099999999999,88394200.0,3863536365
2017-05-07,0.141763,249028992.0,5380696778
2017-05-08,0.198212,402611008.0,7523251269
2017-05-09,0.160074,214002000.0,6075701389
2017-05-10,0.186066,138792000.0,7062242804
2017-05-11,0.183135,103699000.0,7015146210
2017-05-12,0.20606799999999997,123635000.0,7893614816
2017-05-13,0.214878,117101000.0,8231089564
2017-05-14,0.220223,69732000.0,8435834460
2017-05-15,0.27071999999999996,223923008.0,10370166173
2017-05-16,0.34986100000000003,440881984.0,13401731336
2017-05-17,0.39413200000000004,470974016.0,15097570678
2017-05-18,0.364869,237644000.0,14059328662
2017-05-19,0.327801,269894016.0,12631004538
2017-05-20,0.351634,237792000.0,13549350520
2017-05-21,0.336201,129765000.0,12954677858
2017-05-22,0.317954,265699008.0,12251574635
2017-05-23,0.323368,153050000.0,12460189796
2017-05-24,0.29589,166168000.0,11401392713
2017-05-25,0.246065,237804992.0,9411822715
2017-05-26,0.271808,253935008.0,10396475356
2017-05-27,0.212549,255532000.0,8129857990
2017-05-28,0.229554,122253000.0,8780287938
2017-05-29,0.23206999999999997,86555600.0,8876523266
2017-05-30,0.20532399999999998,92808704.0,7853506542
2017-05-31,0.24659,160620000.0,9431903616
2017-06-01,0.33365700000000004,588819008.0,12886398533
2017-06-02,0.303448,293676992.0,11719675781
2017-06-03,0.29458,155454000.0,11377178599
2017-06-04,0.299413,153488000.0,11563837246
2017-06-05,0.294003,78433504.0,11354893881
2017-06-06,0.284548,132720000.0,10989725765
2017-06-07,0.279783,145839008.0,10805693394
2017-06-08,0.28967800000000005,103152000.0,11115200953
2017-06-09,0.286019,102482000.0,10962073248
2017-06-10,0.260874,156720992.0,9998356391
2017-06-11,0.27275900000000003,114566000.0,10453865432
2017-06-12,0.25396399999999997,149942000.0,9733521096
2017-06-13,0.26615300000000003,111937000.0,10200681358
2017-06-14,0.278447,431096000.0,10671865889
2017-06-15,0.259266,191548000.0,9927365495
2017-06-16,0.26206799999999997,88152400.0,10034654836
2017-06-17,0.268351,121948000.0,10275232611
2017-06-18,0.2846,232512000.0,10897411230
2017-06-19,0.296068,164955008.0,11336524062
2017-06-20,0.324427,793609984.0,12422397868
2017-06-21,0.29636599999999996,358492992.0,11347934563
2017-06-22,0.297848,194551008.0,11405013271
2017-06-23,0.31997800000000004,177220992.0,12252401682
2017-06-24,0.31111,313710016.0,11912833655
2017-06-25,0.298423,158844992.0,11427030819
2017-06-26,0.27728800000000003,280100000.0,10617742338
2017-06-27,0.276306,186951008.0,10580140195
2017-06-28,0.280455,126278000.0,10739011163
2017-06-29,0.265421,89745296.0,10163338439
2017-06-30,0.26293,67764496.0,10067954592
2017-07-01,0.254744,53611000.0,9754501291
2017-07-02,0.259449,54095000.0,9934662271
2017-07-03,0.259959,60367800.0,9954190879
2017-07-04,0.254709,56008900.0,9753161093
2017-07-05,0.256523,73292096.0,9822621670
2017-07-06,0.254641,43845800.0,9750557278
2017-07-07,0.23948000000000003,88408000.0,9170021548
2017-07-08,0.236134,124578000.0,9041898564
2017-07-09,0.23341599999999998,82755000.0,8937822572
2017-07-10,0.203165,119367000.0,7779469800
2017-07-11,0.18501900000000002,271415008.0,7084634278
2017-07-12,0.205354,153023008.0,7863289648
2017-07-13,0.200809,216750000.0,7689255291
2017-07-14,0.190769,97037600.0,7304809757
2017-07-15,0.17058900000000002,131779000.0,6532089552
2017-07-16,0.148056,257944000.0,5669269711
2017-07-17,0.17788900000000002,312684992.0,6811616683
2017-07-18,0.188718,295840992.0,7226274121
2017-07-19,0.168388,147778000.0,6447810207
2017-07-20,0.18829500000000002,183292000.0,7210076864
2017-07-21,0.182608,104722000.0,6992313742
2017-07-22,0.19332,83913800.0,7402491088
2017-07-23,0.19505799999999998,195682000.0,7469041520
2017-07-24,0.192002,56632800.0,7359876265
2017-07-25,0.17810399999999998,166807008.0,6827134104
2017-07-26,0.173822,76584600.0,6662995240
2017-07-27,0.173457,34575100.0,6649142909
2017-07-28,0.165937,74649800.0,6360878067
2017-07-29,0.169871,80897000.0,6511680446
2017-07-30,0.165082,40621700.0,6328103275
2017-07-31,0.16738599999999998,57273800.0,6416422716
2017-08-01,0.177053,119957000.0,6786988703
2017-08-02,0.17311300000000002,53441400.0,6635956326
2017-08-03,0.174612,31479000.0,6695294919
2017-08-04,0.173743,45170000.0,6661974120
2017-08-05,0.18473699999999998,114270000.0,7083526318
2017-08-06,0.180444,74161600.0,6918916205
2017-08-07,0.179021,58052100.0,6864352918
2017-08-08,0.19258599999999998,180028000.0,7384487133
2017-08-09,0.182947,97805400.0,7014890841
2017-08-10,0.180399,48162800.0,6918778293
2017-08-11,0.179307,54059700.0,6876897208
2017-08-12,0.173853,65229300.0,6667721897
2017-08-13,0.16809200000000002,110199000.0,6446772326
2017-08-14,0.169991,84388304.0,6518108026
2017-08-15,0.161221,100614000.0,6181832532
2017-08-16,0.160431,107920000.0,6151540897
2017-08-17,0.157498,56084300.0,6039078409
2017-08-18,0.158883,146539008.0,6092184630
2017-08-19,0.155057,87062096.0,5945481091
2017-08-20,0.158735,68542800.0,6086509741
2017-08-21,0.191918,447088992.0,7358873447
2017-08-22,0.23928600000000003,1450040064.0,9175144549
2017-08-23,0.246827,1770400000.0,9464295460
2017-08-24,0.21895799999999999,1342360064.0,8395690931
2017-08-25,0.21782800000000002,504484000.0,8352362390
2017-08-26,0.212577,184120992.0,8151018876
2017-08-27,0.202995,193971008.0,7783608183
2017-08-28,0.22450799999999999,542467968.0,8608499253
2017-08-29,0.21856399999999998,269769984.0,8380583457
2017-08-30,0.228006,181186000.0,8742626012
2017-08-31,0.25563,432574016.0,9801836301
2017-09-01,0.248479,283576000.0,9527639487
2017-09-02,0.226669,329928000.0,8691360296
2017-09-03,0.22881100000000001,186526000.0,8773492805
2017-09-04,0.20496799999999998,239612992.0,7859260583
2017-09-05,0.215189,242636000.0,8251172991
2017-09-06,0.22618600000000003,163296992.0,8672840220
2017-09-07,0.22364,103080000.0,8575216799
2017-09-08,0.21151799999999998,151328992.0,8110412747
2017-09-09,0.209995,51185500.0,8052015076
2017-09-10,0.213031,117091000.0,8168426980
2017-09-11,0.214441,138339008.0,8222491797
2017-09-12,0.20930300000000002,94519504.0,8025481138
2017-09-13,0.20077799999999998,105471000.0,7698599886
2017-09-14,0.164167,152532992.0,6294793490
2017-09-15,0.181358,289414016.0,6953962476
2017-09-16,0.179082,84495200.0,6866691892
2017-09-17,0.178393,49161100.0,6840272985
2017-09-18,0.18976800000000002,88397904.0,7276434186
2017-09-19,0.184041,54046100.0,7056839004
2017-09-20,0.182078,34521600.0,6981570042
2017-09-21,0.171754,43583200.0,6585708219
2017-09-22,0.17351,37244700.0,6653040005
2017-09-23,0.17788199999999998,32476700.0,6820679282
2017-09-24,0.175787,20566500.0,6740348933
2017-09-25,0.18148699999999998,35622600.0,6958908832
2017-09-26,0.186119,70000704.0,7136517507
2017-09-27,0.203299,249934000.0,7795264711
2017-09-28,0.196131,117962000.0,7520416052
2017-09-29,0.193606,72291200.0,7423597852
2017-09-30,0.197529,54729300.0,7574020743
2017-10-01,0.20653200000000002,51345500.0,7919230352
2017-10-02,0.202676,77412304.0,7771376497
2017-10-03,0.203318,48703100.0,7795993244
2017-10-04,0.21477399999999996,123573000.0,8235260297
2017-10-05,0.23701599999999998,404299008.0,9088104028
2017-10-06,0.234039,167492000.0,9033236633
2017-10-07,0.23861,77950200.0,9209664172
2017-10-08,0.279944,529838016.0,10805038460
2017-10-09,0.251825,610110016.0,9719725410
2017-10-10,0.260733,384048992.0,10064411507
2017-10-11,0.264439,161206000.0,10207464780
2017-10-12,0.248414,245004000.0,9588892546
2017-10-13,0.26048899999999997,398688992.0,10037042042
2017-10-14,0.25732,211160000.0,9914935595
2017-10-15,0.26398299999999997,280211008.0,10171671239
2017-10-16,0.256232,963158016.0,9873013281
2017-10-17,0.232064,411264992.0,8941783048
2017-10-18,0.21852,354224992.0,8419911885
2017-10-19,0.21515,304542016.0,8290060599
2017-10-20,0.210549,182704000.0,8112776988
2017-10-21,0.21101599999999998,116807000.0,8130771217
2017-10-22,0.204177,75849504.0,7867254022
2017-10-23,0.196928,99914800.0,7587938897
2017-10-24,0.206644,220080992.0,7962311329
2017-10-25,0.204604,75017504.0,7883706990
2017-10-26,0.203628,38193100.0,7846100208
2017-10-27,0.202785,29623000.0,7813618120
2017-10-28,0.201835,26864900.0,7777013158
2017-10-29,0.202785,62511100.0,7813618120
2017-10-30,0.202711,34835100.0,7810766786
2017-10-31,0.200558,43875700.0,7727808383
2017-11-01,0.194124,67921000.0,7479896462
2017-11-02,0.20586100000000002,197770000.0,7932141134
2017-11-03,0.20813299999999998,373401984.0,8019684790
2017-11-04,0.20375,74013200.0,7850801055
2017-11-05,0.20205499999999998,46959000.0,7785490097
2017-11-06,0.20599,102233000.0,7937111703
2017-11-07,0.21035399999999999,114073000.0,8105263338
2017-11-08,0.217437,156959008.0,8378182229
2017-11-09,0.21748800000000001,147916992.0,8380147337
2017-11-10,0.206483,141032992.0,7956107751
2017-11-11,0.21043,134503008.0,8108191735
2017-11-12,0.19733900000000001,251175008.0,7603775359
2017-11-13,0.203442,132567000.0,7857514002
2017-11-14,0.209825,127361000.0,8104043784
2017-11-15,0.212956,100294000.0,8224976687
2017-11-16,0.227107,1022579968.0,8771529238
2017-11-17,0.226581,397071008.0,8751213596
2017-11-18,0.228627,144298000.0,8830236034
2017-11-19,0.231016,193808000.0,8922506124
2017-11-20,0.23875900000000003,214663008.0,9221563181
2017-11-21,0.233271,217851008.0,9009595604
2017-11-22,0.23885900000000002,167078000.0,9225420204
2017-11-23,0.242402,240684992.0,9362261033
2017-11-24,0.244642,211486000.0,9448776263
2017-11-25,0.252393,212592992.0,9748142132
2017-11-26,0.24881799999999998,133297000.0,9610065370
2017-11-27,0.253927,196735008.0,9807389615
2017-11-28,0.299152,720742976.0,11554108929
2017-11-29,0.24306399999999997,541177984.0,9387829374
2017-11-30,0.25087800000000005,270907008.0,9689628483
2017-12-01,0.25569899999999995,182992000.0,9875829341
2017-12-02,0.255492,118250000.0,9867834407
2017-12-03,0.252558,134710000.0,9754514905
2017-12-04,0.253571,104650000.0,9814930420
2017-12-05,0.24610100000000001,174591008.0,9533742326
2017-12-06,0.232544,274526016.0,9008555737
2017-12-07,0.222823,275204992.0,8631972508
2017-12-08,0.252125,660172032.0,9767106895
2017-12-09,0.24470799999999998,205288992.0,9479778657
2017-12-10,0.237333,198174000.0,9194077464
2017-12-11,0.251691,176100992.0,9750294106
2017-12-12,0.373541,1555040000.0,14470658905
2017-12-13,0.471063,2738759936.0,18248577789
2017-12-14,0.8642629999999999,6358700032.0,33480809543
2017-12-15,0.756181,3194210048.0,29293805290
2017-12-16,0.758642,1334770048.0,29389142325
2017-12-17,0.728366,805200000.0,28216275976
2017-12-18,0.778407,1342720000.0,30154821523
2017-12-19,0.791257,1449670016.0,30652619534
2017-12-20,0.775964,1007420032.0,30060181792
2017-12-21,1.19,3626109952.0,46218124151
2017-12-22,1.14,4644700160.0,44095993796
2017-12-23,1.17,1497590016.0,45492927360
2017-12-24,1.04,754958976.0,40441730263
2017-12-25,1.12,686014016.0,43477717045
2017-12-26,1.19,938846976.0,46079825404
2017-12-27,1.4,2854259968.0,54220856694
2017-12-28,1.43,2843300096.0,55431067579
2017-12-29,2.21,7545739776.0,85791710178
2017-12-30,2.16,8108389888.0,83638588508
2017-12-31,2.3,4642079744.0,89122114461
2018-01-01,2.39,1894230016.0,92626457504
2018-01-02,2.48,3171010048.0,96107944451
2018-01-03,3.11,6635879936.0,120299378234
2018-01-04,3.2,8103660032.0,123834712592
2018-01-05,3.05,6288500224.0,118104418286
2018-01-06,3.09,2777560064.0,119857751982
2018-01-07,3.38,2395150080.0,130853470856
2018-01-08,2.46,3315259904.0,95151474965
2018-01-09,2.1,3694700032.0,81421159857
2018-01-10,1.97,4833639936.0,76506707920
2018-01-11,1.95,6296119808.0,75572319796
2018-01-12,2.04,3330810112.0,79152978766
2018-01-13,2.02,2130169984.0,78305366321
2018-01-14,1.86,1978200064.0,72100905208
2018-01-15,1.68,1838460032.0,64955082926
2018-01-16,1.18,5687960064.0,45682746768
2018-01-17,1.31,7251210240.0,50606491820
2018-01-18,1.6,9110439936.0,61850140629
2018-01-19,1.55,3697430016.0,60125086600
2018-01-20,1.58,2346449920.0,61154385624
2018-01-21,1.38,2840750080.0,53461566645
2018-01-22,1.36,2642510080.0,52582575495
2018-01-23,1.34,2977080064.0,51796945678
2018-01-24,1.36,1853440000.0,52574827666
2018-01-25,1.31,986067968.0,50834665371
2018-01-26,1.22,2037570048.0,47155996370
2018-01-27,1.22,689100992.0,47227276392
2018-01-28,1.4,1327360000.0,54219304278
2018-01-29,1.32,1073680000.0,51289462908
2018-01-30,1.14,1134640000.0,44106838439
2018-01-31,1.16,1264029952.0,45029992212
2018-02-01,0.9625299999999999,1410419968.0,37547540521
2018-02-02,0.884784,3529760000.0,34514730026
2018-02-03,0.9240430000000001,1988960000.0,36046192831
2018-02-04,0.815703,1190960000.0,31819934387
2018-02-05,0.6917989999999999,1286179968.0,26986536508
2018-02-06,0.776393,2361139968.0,30286482112
2018-02-07,0.723895,1133369984.0,28238576299
2018-02-08,0.8052630000000001,947315008.0,31412678173
2018-02-09,0.954428,1690339968.0,37231487854
2018-02-10,1.07,4682010112.0,41768727766
2018-02-11,1.0,2555310080.0,39171494176
2018-02-12,1.08,1756290048.0,42169352413
2018-02-13,1.03,921100032.0,40078458444
2018-02-14,1.14,1457600000.0,44533700985
2018-02-15,1.15,1188530048.0,44738109276
2018-02-16,1.14,568339008.0,44393657900
2018-02-17,1.2,1186729984.0,47005324901
2018-02-18,1.12,1113650048.0,43708265978
2018-02-19,1.14,556304000.0,44642926789
2018-02-20,1.09,806673024.0,42498980287
2018-02-21,1.02,871526016.0,39609567670
2018-02-22,0.941788,889707008.0,36738411366
2018-02-23,0.9988549999999999,896403968.0,39050038644
2018-02-24,0.9544020000000001,489920000.0,37312157402
2018-02-25,0.9434870000000001,360271008.0,36885437636
2018-02-26,0.956859,458612992.0,37408213331
2018-02-27,0.947305,312712992.0,37034701591
2018-02-28,0.904583,329529984.0,35364493451
2018-03-01,0.9283469999999999,475256992.0,36293542331
2018-03-02,0.9101440000000001,271036000.0,35579309844
2018-03-03,0.907804,280852992.0,35487834666
2018-03-04,1.01,797225984.0,39308526146
2018-03-05,0.959368,1706819968.0,37503572321
2018-03-06,0.9228870000000001,875180032.0,36077458649
2018-03-07,0.87121,809598016.0,34057303602
2018-03-08,0.825857,499496000.0,32284366089
2018-03-09,0.8497610000000001,989203008.0,33218820222
2018-03-10,0.7966270000000001,402670016.0,31141708195
2018-03-11,0.8311219999999999,472972000.0,32490185241
2018-03-12,0.801048,355031008.0,31314533735
2018-03-13,0.7897109999999999,279679008.0,30871158542
2018-03-14,0.701902,479148992.0,27438554006
2018-03-15,0.6972689999999999,888345024.0,27257442083
2018-03-16,0.68926,502740000.0,26944356526
2018-03-17,0.6378560000000001,319824000.0,24934885930
2018-03-18,0.6587770000000001,923606016.0,25752723731
2018-03-19,0.74908,1096930048.0,29284604563
2018-03-20,0.709808,814275968.0,27749301270
2018-03-21,0.6936640000000001,527324000.0,27118166203
2018-03-22,0.6627430000000001,449041984.0,25909425483
2018-03-23,0.643174,387164000.0,25144390549
2018-03-24,0.641265,390740000.0,25069759669
2018-03-25,0.641875,229352000.0,25093607148
2018-03-26,0.599463,384504992.0,23435542779
2018-03-27,0.577917,351380992.0,22593218558
2018-03-28,0.578002,258298000.0,22596541567
2018-03-29,0.5115109999999999,420550016.0,19997127300
2018-03-30,0.5095649999999999,518219008.0,19921199401
2018-03-31,0.512353,293208000.0,20030194925
2018-04-01,0.48508100000000004,297868992.0,18964009158
2018-04-02,0.500688,262342000.0,19574157342
2018-04-03,0.558044,578238976.0,21816462667
2018-04-04,0.501631,415257984.0,19611023475
2018-04-05,0.49580100000000005,358755008.0,19383102419
2018-04-06,0.47643100000000005,218156000.0,18625841555
2018-04-07,0.487867,209076000.0,19072926493
2018-04-08,0.500398,137548000.0,19562819931
2018-04-09,0.49185500000000004,271775008.0,19228835441
2018-04-10,0.49193100000000006,154495008.0,19231806625
2018-04-11,0.539506,341707008.0,21091728443
2018-04-12,0.628737,1346739968.0,24597948740
2018-04-13,0.638087,1245170048.0,24963746873
2018-04-14,0.632184,626268032.0,24732805014
2018-04-15,0.682534,609636992.0,26702637741
2018-04-16,0.663297,531996000.0,25950032534
2018-04-17,0.656933,442352992.0,25701055067
2018-04-18,0.708932,624049024.0,27735401282
2018-04-19,0.791976,878328000.0,30984314668
2018-04-20,0.924465,2344069888.0,36167654650
2018-04-21,0.8731030000000001,1563970048.0,34158229655
2018-04-22,0.8699950000000001,946398976.0,34036636008
2018-04-23,0.876657,674545024.0,34317793232
2018-04-24,0.934781,1572930048.0,36593127159
2018-04-25,0.800607,1614050048.0,31340724464
2018-04-26,0.8524139999999999,1028590016.0,33368771823
2018-04-27,0.8138850000000001,673793024.0,31860507753
2018-04-28,0.8638040000000001,788718976.0,33814647080
2018-04-29,0.872778,896313984.0,34165945109
2018-04-30,0.837938,575363968.0,32802091383
2018-05-01,0.841407,630809024.0,32944324345
2018-05-02,0.859094,544425984.0,33636838508
2018-05-03,0.884466,725228992.0,34651838439
2018-05-04,0.895442,1007609984.0,35081859015
2018-05-05,0.9051030000000001,668800000.0,35460360179
2018-05-06,0.871424,640057024.0,34140875579
2018-05-07,0.832641,602534976.0,32621425142
2018-05-08,0.81397,465040992.0,31889927859
2018-05-09,0.8020430000000001,611574976.0,31422648759
2018-05-10,0.7582369999999999,399324000.0,29706405924
2018-05-11,0.684948,991409024.0,26843090365
2018-05-12,0.696735,596684992.0,27305022521
2018-05-13,0.745748,532488000.0,29225840434
2018-05-14,0.740898,613462016.0,29035769088
2018-05-15,0.698588,422980000.0,27377641532
2018-05-16,0.7140810000000001,429641984.0,27984811710
2018-05-17,0.6673100000000001,337999008.0,26151857706
2018-05-18,0.680294,344944000.0,26660700253
2018-05-19,0.676713,249039008.0,26520360977
2018-05-20,0.700244,275614016.0,27442540120
2018-05-21,0.6815869999999999,250480992.0,26711372882
2018-05-22,0.645567,234712992.0,25299750226
2018-05-23,0.599594,482480992.0,23498069816
2018-05-24,0.631997,440532992.0,24767942357
2018-05-25,0.611001,289816000.0,23945109784
2018-05-26,0.612708,213242000.0,24012007060
2018-05-27,0.607881,186963008.0,23822837083
2018-05-28,0.552299,327903008.0,21644580268
2018-05-29,0.601241,380744000.0,23562615694
2018-05-30,0.605817,320604992.0,23741948989
2018-05-31,0.612622,283328000.0,24008636723
2018-06-01,0.623364,263088000.0,24461754519
2018-06-02,0.643451,315206016.0,25249999048
2018-06-03,0.671205,327804000.0,26339108357
2018-06-04,0.661425,558131008.0,25955326234
2018-06-05,0.6770149999999999,386328000.0,26567101622
2018-06-06,0.674797,273966016.0,26480063918
2018-06-07,0.678128,244568000.0,26612667217
2018-06-08,0.674343,221887008.0,26464127494
2018-06-09,0.659755,175990000.0,25891631461
2018-06-10,0.588126,492555008.0,23080600594
2018-06-11,0.604066,336547008.0,23706154937
2018-06-12,0.562933,309544000.0,22091918627
2018-06-13,0.534663,359864992.0,20982481909
2018-06-14,0.5613060000000001,379824992.0,22028624987
2018-06-15,0.5377069999999999,241684992.0,21102475042
2018-06-16,0.534784,202682000.0,20987761016
2018-06-17,0.528216,166028000.0,20729997855
2018-06-18,0.537495,276527008.0,21094155037
2018-06-19,0.549621,255400000.0,21570043602
2018-06-20,0.5392859999999999,256920000.0,21164443378
2018-06-21,0.534775,194312000.0,20987407809
2018-06-22,0.486947,339428992.0,19110383377
2018-06-23,0.491284,204927008.0,19280590263
2018-06-24,0.47738,369520000.0,18734923547
2018-06-25,0.481753,231728992.0,18914626969
2018-06-26,0.45600100000000005,179426000.0,17903549770
2018-06-27,0.47036999999999995,215618000.0,18467712721
2018-06-28,0.44845799999999997,220566000.0,17607401644
2018-06-29,0.45308000000000004,309777984.0,17788871058
2018-06-30,0.46624499999999997,345528992.0,18305756569
2018-07-01,0.461358,267224992.0,18113882700
2018-07-02,0.486122,335919008.0,19086169278
2018-07-03,0.48522299999999996,410225984.0,19050872652
2018-07-04,0.490043,313828992.0,19240115961
2018-07-05,0.481625,279999008.0,18909774937
2018-07-06,0.47915100000000005,245003008.0,18812639649
2018-07-07,0.49247700000000005,214979008.0,19335850987
2018-07-08,0.477749,226644000.0,18757593701
2018-07-09,0.47426999999999997,206344992.0,18620999656
2018-07-10,0.445042,230418000.0,17473436922
2018-07-11,0.450233,183887008.0,17677248272
2018-07-12,0.43536400000000003,182139008.0,17093454982
2018-07-13,0.438741,179403008.0,17226044258
2018-07-14,0.439271,134840992.0,17246853353
2018-07-15,0.44589399999999996,152903008.0,17506888525
2018-07-16,0.483401,269283008.0,18979505039
2018-07-17,0.505587,347700000.0,19850581637
2018-07-18,0.486389,367988992.0,19096821224
2018-07-19,0.476433,293942016.0,18731289026
2018-07-20,0.44699399999999995,295403008.0,17573874620
2018-07-21,0.45541000000000004,180339008.0,17904755412
2018-07-22,0.44931099999999996,158906000.0,17664969058
2018-07-23,0.445276,194542000.0,17506330276
2018-07-24,0.45762299999999995,319956000.0,17991761019
2018-07-25,0.459829,255872000.0,18078491417
2018-07-26,0.44992,199587008.0,17688912310
2018-07-27,0.453635,203720992.0,17834970074
2018-07-28,0.453667,157346000.0,17836228176
2018-07-29,0.45330600000000004,191966000.0,17822035214
2018-07-30,0.446107,247714000.0,17539001608
2018-07-31,0.435225,228767000.0,17111168341
2018-08-01,0.445852,323200000.0,17528976109
2018-08-02,0.43025399999999997,204898000.0,16915730078
2018-08-03,0.440571,278870000.0,17314385048
2018-08-04,0.42850699999999997,185678000.0,16840271361
2018-08-05,0.433638,186848000.0,17041919018
2018-08-06,0.41408100000000003,242075000.0,16273331370
2018-08-07,0.381006,244448000.0,14973488018
2018-08-08,0.331944,360857000.0,13045357571
2018-08-09,0.346771,325775000.0,13628056811
2018-08-10,0.32042600000000004,249264000.0,12592701615
2018-08-11,0.301262,284423000.0,11839558819
2018-08-12,0.29786999999999997,178827000.0,11706253644
2018-08-13,0.277466,235117000.0,10924502191
2018-08-14,0.27427199999999996,276768000.0,10798746747
2018-08-15,0.282005,332432000.0,11103213512
2018-08-16,0.29243600000000003,238219000.0,11513907011
2018-08-17,0.366676,497206000.0,14436913947
2018-08-18,0.3271,434332000.0,12878711866
2018-08-19,0.343978,327300000.0,13543239224
2018-08-20,0.319283,311144000.0,12570937819
2018-08-21,0.335177,248735000.0,13196722736
2018-08-22,0.319803,286845000.0,12640056538
2018-08-23,0.32770900000000003,217578000.0,12952537306
2018-08-24,0.327606,244571000.0,12948466281
2018-08-25,0.32823,167363000.0,12973129575
2018-08-26,0.323776,168718000.0,12797087412
2018-08-27,0.336903,227284000.0,13347493496
2018-08-28,0.351837,329550000.0,13939151831
2018-08-29,0.344803,275908000.0,13671491747
2018-08-30,0.335444,263925000.0,13300405964
2018-08-31,0.335332,219139000.0,13295965146
2018-09-01,0.347721,257267000.0,13787190893
2018-09-02,0.342523,240907000.0,13581089398
2018-09-03,0.335961,201147000.0,13320905093
2018-09-04,0.331652,241419000.0,13150052583
2018-09-05,0.28360100000000005,344488000.0,11244823075
2018-09-06,0.30271,329763000.0,12002497851
2018-09-07,0.291435,213961000.0,11555442375
2018-09-08,0.279333,169208000.0,11075596222
2018-09-09,0.27868000000000004,168991000.0,11049704672
2018-09-10,0.270321,204958000.0,10735217970
2018-09-11,0.26371,200330000.0,10472676303
2018-09-12,0.27008699999999997,298449000.0,10725925163
2018-09-13,0.28058299999999997,311799000.0,11142751261
2018-09-14,0.277159,269029000.0,11033441784
2018-09-15,0.282008,205361000.0,11226475960
2018-09-16,0.28116599999999997,197009000.0,11192956724
2018-09-17,0.272251,246489000.0,10838058873
2018-09-18,0.32186,600216000.0,12812946983
2018-09-19,0.32605300000000004,489609000.0,12979866409
2018-09-20,0.44991800000000004,1291360000.0,17910816754
2018-09-21,0.561462,4101490000.0,22351279558
2018-09-22,0.5707979999999999,2411430000.0,22722937028
2018-09-23,0.570689,1043970000.0,22718597839
2018-09-24,0.494712,1034380000.0,19724616282
2018-09-25,0.526941,1639680000.0,21009615753
2018-09-26,0.516308,1821610000.0,20585668395
2018-09-27,0.541381,824083000.0,21585351654
2018-09-28,0.539112,718255000.0,21494884565
2018-09-29,0.571228,1034370000.0,22775378623
2018-09-30,0.581572,1329720000.0,23187803288
2018-10-01,0.576461,1412800000.0,23021206668
2018-10-02,0.520837,743705000.0,20799839394
2018-10-03,0.528162,789229000.0,21092366276
2018-10-04,0.526606,621615000.0,21030226778
2018-10-05,0.519026,589636000.0,20727516366
2018-10-06,0.48808199999999996,672167000.0,19491755024
2018-10-07,0.48203900000000005,548645000.0,19250425338
2018-10-08,0.48975100000000005,540832000.0,19558407224
2018-10-09,0.479857,416867000.0,19163286273
2018-10-10,0.462387,412207000.0,18494386176
2018-10-11,0.38313,791202000.0,15324293667
2018-10-12,0.41911499999999996,820154000.0,16763608540
2018-10-13,0.418878,373875000.0,16754129101
2018-10-14,0.40328600000000003,289195000.0,16130485985
2018-10-15,0.447316,1041470000.0,17891581828
2018-10-16,0.470253,605102000.0,18809007568
2018-10-17,0.46819700000000003,526538000.0,18726772432
2018-10-18,0.457725,476876000.0,18307917204
2018-10-19,0.45417799999999997,303401000.0,18166045595
2018-10-20,0.45915100000000003,277061000.0,18364953831
2018-10-21,0.45669399999999993,262867000.0,18266679643
2018-10-22,0.45310900000000004,249302000.0,18123288124
2018-10-23,0.46205799999999997,445238000.0,18481226954
2018-10-24,0.457237,295115000.0,18288398359
2018-10-25,0.45805200000000007,273380000.0,18416216084
2018-10-26,0.45928800000000003,235514000.0,18465910099
2018-10-27,0.456348,211006000.0,18347705888
2018-10-28,0.46240600000000004,280005000.0,18591270891
2018-10-29,0.441514,341648000.0,17751297294
2018-10-30,0.444759,245858000.0,17881764186
2018-10-31,0.44838199999999995,367008000.0,18027428764
2018-11-01,0.455722,346501000.0,18322537236
2018-11-02,0.458685,401300000.0,18441666174
2018-11-03,0.455667,275311000.0,18320325933
2018-11-04,0.46269099999999996,429629000.0,18602729463
2018-11-05,0.49741199999999997,556519000.0,19998705113
2018-11-06,0.54908,1333160000.0,21639288294
2018-11-07,0.5357069999999999,631230000.0,21538372467
2018-11-08,0.493508,686221000.0,19841740204
2018-11-09,0.500668,509865000.0,20129611646
2018-11-10,0.506698,328038000.0,20372050864
2018-11-11,0.5059130000000001,292675000.0,20340489540
2018-11-12,0.517165,605042000.0,20792881924
2018-11-13,0.510112,521675000.0,20509312471
2018-11-14,0.474372,980604000.0,19103790091
2018-11-15,0.48170799999999997,965997000.0,19399223642
2018-11-16,0.471609,593572000.0,18992519249
2018-11-17,0.491654,607453000.0,19799766457
2018-11-18,0.510473,884280000.0,20557640500
2018-11-19,0.478166,1297340000.0,19283163673
2018-11-20,0.434726,1538310000.0,17531343950
2018-11-21,0.447651,858303000.0,18052574841
2018-11-22,0.42608,480044000.0,17182673753
2018-11-23,0.407428,774083000.0,16430488176
2018-11-24,0.375336,626279000.0,15136303126
2018-11-25,0.374551,1296590000.0,15104646163
2018-11-26,0.355451,1032000000.0,14334393936
2018-11-27,0.360163,600169000.0,14524416370
2018-11-28,0.39055700000000004,774818000.0,15750125594
2018-11-29,0.379562,629900577.0,15306739230
2018-11-30,0.362455,512041152.0,14616841112
2018-12-01,0.372906,397266566.0,15038289184
2018-12-02,0.367627,335732170.0,14825428858
2018-12-03,0.348754,392651603.0,14064337569
2018-12-04,0.352231,445334425.0,14204552399
2018-12-05,0.338242,400526135.0,13640400736
2018-12-06,0.310936,517551018.0,12539238458
2018-12-07,0.30199699999999996,667331347.0,12359838916
2018-12-08,0.307269,463529471.0,12575595451
2018-12-09,0.31337,430122747.0,12825284624
2018-12-10,0.303766,386627711.0,12432208489
2018-12-11,0.301345,394872461.0,12333147092
2018-12-12,0.307323,370325300.0,12577803841
2018-12-13,0.300026,303413883.0,12279148093
2018-12-14,0.28879,320266797.0,11819314866
2018-12-15,0.285883,277696890.0,11700328892
2018-12-16,0.287929,316135928.0,11784050729
